"label","duration_ms","total_path_length","avg_step_length","range_x","range_y","range_z","p1_x","p1_y","p1_z","p1_t","p2_x","p2_y","p2_z","p2_t","p3_x","p3_y","p3_z","p3_t","p4_x","p4_y","p4_z","p4_t","p5_x","p5_y","p5_z","p5_t","p6_x","p6_y","p6_z","p6_t","p7_x","p7_y","p7_z","p7_t","p8_x","p8_y","p8_z","p8_t","p9_x","p9_y","p9_z","p9_t","p10_x","p10_y","p10_z","p10_t","p11_x","p11_y","p11_z","p11_t","p12_x","p12_y","p12_z","p12_t","p13_x","p13_y","p13_z","p13_t","p14_x","p14_y","p14_z","p14_t","p15_x","p15_y","p15_z","p15_t","p16_x","p16_y","p16_z","p16_t","p17_x","p17_y","p17_z","p17_t","p18_x","p18_y","p18_z","p18_t","p19_x","p19_y","p19_z","p19_t","p20_x","p20_y","p20_z","p20_t"
"o",583,93.44182820921749,4.9179909583798675,18.042105263157893,12.652631578947368,28.063157894736843,0,0,0,63,-0.8368421052631578,-2.5789473684210527,-1.5473684210526315,93,-0.2210526315789474,-3.8421052631578947,-4.4263157894736835,124,1.6368421052631577,-3.947368421052632,-7.4,155,4.205263157894737,-3.7631578947368425,-9.994736842105263,185,5.11578947368421,-4.310526315789474,-11.178947368421053,216,3.826315789473685,-6,-9.826315789473686,247,1.8736842105263154,-5.284210526315789,-7.784210526315789,277,1.9684210526315788,-3.189473684210527,-6.036842105263158,308,4.731578947368421,1.657894736842103,-0.8421052631578974,339,2.831578947368418,2.694736842105262,4.9315789473684255,370,-3.6000000000000023,0.12631578947368372,11.557894736842108,400,-9.542105263157895,-4.136842105263156,16.88421052631579,431,-12.926315789473682,-8.989473684210523,13.152631578947371,462,-11.831578947368419,-9.957894736842105,7.236842105263154,492,-8.210526315789473,-9.700000000000001,0.6052631578947363,523,-4.157894736842107,-9.210526315789474,-1.8210526315789464,554,-1.3157894736842122,-8.252631578947371,-4.857894736842101,584,-0.10000000000000009,-5.4315789473684255,-6.852631578947374,615,-0.30000000000000004,-3.4000000000000004,-2.9,646
"o",517,70.27513338622602,3.698691230854001,16.563157894736843,14.952631578947368,19.35263157894737,0,0,0,34,0.37368421052631573,-0.41578947368421054,-1.2105263157894737,60,2.542105263157895,-1.3789473684210527,-4.3578947368421055,103,3.81578947368421,-2.094736842105263,-6.010526315789474,130,4.268421052631579,-3.215789473684211,-6.973684210526316,155,4.021052631578947,-4.436842105263158,-6.342105263157896,182,3.310526315789474,-3.3315789473684223,-4.605263157894739,208,2.952631578947368,-1.2000000000000006,-2.1368421052631583,235,5.036842105263159,2.1789473684210536,1.3368421052631585,261,6.184210526315789,5.78421052631579,7.7736842105263175,287,2.631578947368423,5.310526315789475,11.010526315789473,313,-2.0315789473684207,1.6947368421052638,12.378947368421054,340,-6.452631578947364,-2.9473684210526274,11.242105263157898,366,-9.226315789473686,-5.689473684210528,8.657894736842104,393,-10.378947368421054,-7.936842105263157,6.721052631578949,419,-9.242105263157892,-9.16842105263158,3.5578947368421012,445,-6.857894736842105,-9.047368421052633,0.021052631578946546,471,-4.63684210526316,-8.226315789473686,-3.03157894736842,497,-2.689473684210526,-6.936842105263157,-4.55263157894737,524,-1.8000000000000003,-5.3,-4.9,551
"o",534,78.76366832477134,4.145456227619545,20.11052631578948,15.273684210526316,19.178947368421056,0,0,0,33,-1.1578947368421053,-0.7157894736842105,0.26315789473684215,61,-0.31052631578947376,-1.4157894736842105,-1.0894736842105261,92,1.0368421052631578,-2.210526315789474,-3.4789473684210526,131,2.0631578947368423,-3.5210526315789474,-4.868421052631579,159,3.6684210526315795,-4.01578947368421,-6.5052631578947375,187,3.5,-3.5473684210526324,-5.131578947368422,213,3.136842105263158,-0.4105263157894744,-2.021052631578948,241,3.942105263157895,2.4157894736842103,0.22631578947368347,268,4.084210526315791,5.457894736842105,3.115789473684211,295,2.063157894736845,7.463157894736842,5.4315789473684175,322,-1.5631578947368383,6.9368421052631595,9.073684210526313,350,-6.984210526315785,4.947368421052634,11.952631578947367,376,-12.084210526315786,1.6736842105263188,12.673684210526318,404,-15.163157894736841,-2.742105263157892,11.105263157894738,431,-16.02631578947369,-6.468421052631578,7.315789473684212,459,-12.905263157894739,-7.810526315789474,3.0473684210526333,487,-8.631578947368423,-7.752631578947368,-0.7947368421052622,513,-5.710526315789474,-7.1684210526315795,-3.110526315789474,540,0.4,-3.8000000000000003,-4.5,567
"o",417,57.10989376373784,3.0057838823019916,16.98947368421053,14.631578947368423,15.710526315789474,0,0,0,34,-0.0368421052631579,-0.9210526315789476,-1.3105263157894738,56,0.7315789473684211,-1.5894736842105264,-2.4526315789473685,78,1.2894736842105263,-2.457894736842105,-3.073684210526316,100,1.615789473684211,-3.078947368421053,-3.2315789473684213,121,3.0210526315789474,-2.836842105263158,-3.6,144,3.310526315789474,-2.231578947368421,-3.6,165,3.094736842105263,-1.363157894736841,-3.0842105263157884,188,3.06842105263158,0.742105263157896,-1.268421052631578,209,3.821052631578948,2.6789473684210536,0.057894736842106026,231,4.389473684210528,5.384210526315786,2.268421052631578,254,3.089473684210528,8.831578947368422,4.410526315789473,275,0.7210526315789487,8.489473684210529,7.015789473684209,297,-3.5210526315789457,7.142105263157895,9.752631578947367,319,-8.363157894736847,4.873684210526313,12.110526315789475,342,-11.352631578947369,2.0526315789473695,11.810526315789474,364,-12.600000000000001,-0.6052631578947398,10.205263157894734,385,-12.378947368421054,-3.2368421052631575,7.468421052631579,407,-10.768421052631577,-5.252631578947371,3.6473684210526267,429,-7,-5.800000000000001,-0.1,451
"o",450,51.01823807478325,2.685170424988592,18.05789473684211,12.047368421052632,16.473684210526315,0,0,0,51,0.010526315789473661,-0.8842105263157893,-0.6,74,0.49473684210526314,-1.2,-0.8210526315789474,97,1.7,-1.5210526315789477,-1.831578947368421,119,1.6526315789473685,-1.9842105263157894,-2.336842105263158,142,1.6842105263157894,-2.0473684210526315,-2.431578947368421,165,1.6157894736842102,-1.7736842105263155,-2.1157894736842104,188,1.3,-0.6631578947368417,-1.3368421052631576,211,3.0052631578947375,2.7368421052631593,0.32631578947368467,233,4.110526315789474,4.947368421052632,1.6157894736842109,257,4.726315789473685,6.042105263157895,3.189473684210527,279,3.826315789473685,7.252631578947368,4.221052631578948,302,-0.11052631578948202,7.947368421052631,6.073684210526321,332,-6.463157894736846,6.17894736842105,10.626315789473688,364,-10.726315789473688,3.6473684210526303,13.357894736842105,388,-13.315789473684212,1.6684210526315781,14.042105263157895,410,-13.331578947368422,0.026315789473683404,12.647368421052631,432,-12.642105263157895,-1.7684210526315798,10.326315789473684,455,-11.442105263157895,-3.3052631578947373,7.863157894736842,478,-8.4,-4.1000000000000005,4.5,501
"o",483,61.64513294565262,3.244480681350138,15.821052631578947,14.647368421052631,19.142105263157898,0,0,0,34,0.668421052631579,-1.568421052631579,-1.1263157894736842,74,1.068421052631579,-2.0526315789473686,-1.8052631578947371,97,1.568421052631579,-3.1157894736842113,-3.28421052631579,122,0.7894736842105265,-4.61578947368421,-4.0052631578947375,146,1.4631578947368424,-4.052631578947368,-3.5473684210526315,170,2.1578947368421053,-2.0631578947368414,-3.0473684210526315,192,2.963157894736842,1.3473684210526327,-0.6315789473684206,232,3.657894736842105,3.552631578947368,0.1578947368421052,257,4.968421052631578,5.921052631578947,1.0736842105263156,281,4.8315789473684205,8.010526315789475,2.157894736842106,304,1.7368421052631573,8.547368421052632,7.415789473684211,328,-2.6105263157894774,7.442105263157894,12.373684210526319,351,-5.689473684210525,5.642105263157896,14.126315789473685,375,-8.957894736842107,2.83157894736842,15.13684210526316,399,-10.726315789473682,0.03157894736842409,13.663157894736846,422,-10.852631578947369,-2.3789473684210525,10.952631578947372,447,-10.242105263157894,-4.573684210526317,8.23157894736842,471,-8.300000000000002,-5.673684210526315,5.526315789473687,494,-5.1000000000000005,-6.1,2.6000000000000005,517
"o",535,58.286165741461616,3.067692933761138,15.594736842105265,13.173684210526318,17.33157894736842,0,0,0,34,-0.5,-0.5631578947368422,0.18947368421052624,76,-0.4526315789473683,-1.2526315789473688,-0.18947368421052668,103,1.0368421052631573,-2.6052631578947367,-2.3210526315789473,144,2.2315789473684213,-2.921052631578948,-3.2947368421052636,170,3.068421052631579,-3.2263157894736842,-4.4789473684210535,195,3.4631578947368418,-2.826315789473687,-4.447368421052634,221,3.6631578947368424,0.5894736842105264,-2.3473684210526318,246,3.5842105263157897,2.031578947368422,-0.794736842105263,271,4.268421052631579,4.078947368421053,0.042105263157894424,297,4.115789473684211,7.400000000000001,1.0368421052631582,322,2.494736842105262,9.273684210526318,3.2789473684210546,348,-3.584210526315785,8.28947368421053,10.615789473684206,389,-7.2684210526315765,6.642105263157896,12.852631578947369,415,-9.878947368421054,5.047368421052632,12.205263157894738,441,-11.326315789473686,2.4894736842105254,10.715789473684211,466,-11.273684210526316,-0.11578947368421277,8.684210526315788,492,-10.247368421052634,-2.331578947368419,5.994736842105265,517,-7.694736842105264,-3.2421052631578946,3.736842105263159,543,-4.9,-3.9,1.2,569
"o",518,46.58108715831624,2.4516361662271704,12.489473684210527,11.578947368421053,15.205263157894738,0,0,0,33,0.10000000000000003,-0.3421052631578947,-0.08947368421052632,61,0.23157894736842105,-1.331578947368421,-0.631578947368421,88,1.0473684210526315,-2.236842105263158,-1.8947368421052628,115,1.7631578947368423,-2.7631578947368425,-3.5631578947368423,142,2.4526315789473685,-2.9368421052631586,-3.721052631578948,170,2.4368421052631577,-1.7315789473684222,-2.826315789473685,197,3.015789473684211,0.5631578947368416,-1.5210526315789479,225,2.3,1.8421052631578947,-1.105263157894737,251,2.3,3.0105263157894737,-0.5157894736842107,279,1.810526315789475,3.9473684210526296,0.5,305,0.6421052631578961,5.93157894736842,1.44736842105263,333,-1.668421052631577,7.247368421052632,3.999999999999998,360,-4.173684210526314,7.878947368421053,7.6052631578947345,387,-6.210526315789473,7.463157894736843,10.594736842105263,415,-7.873684210526316,5.984210526315791,11.48421052631579,441,-9.042105263157895,3.5000000000000013,11.463157894736842,470,-9.473684210526315,0.4000000000000007,9.194736842105264,496,-8.83157894736842,-1.9789473684210526,6.300000000000001,523,-6.1000000000000005,-3.7000000000000006,2.3000000000000003,551
"o",499,45.12243640987484,2.3748650742039388,12.2,10.389473684210527,14.178947368421053,0,0,0,35,0.12105263157894733,-1.4263157894736842,-0.5631578947368421,67,1.931578947368421,-1.9947368421052631,-2.1526315789473687,100,2.868421052631579,-2.7368421052631584,-3.578947368421053,125,3.1,-3.4684210526315793,-4.278947368421052,149,3.115789473684211,-3.3631578947368426,-3.7894736842105265,174,2.631578947368421,-2.7947368421052627,-3.263157894736842,198,2.589473684210527,-1.2578947368421052,-2.105263157894737,223,3.3157894736842106,0.805263157894736,-1.9789473684210528,247,3.2157894736842105,2.273684210526316,-1.1263157894736837,272,2.7,3.6,0.19999999999999996,297,2.6157894736842113,6.921052631578948,1.7473684210526286,321,1.1368421052631552,6.726315789473684,5.373684210526321,346,-1.7000000000000017,6.152631578947369,8.005263157894738,371,-4.310526315789474,5.773684210526316,9.35263157894737,395,-6.636842105263158,4.784210526315791,9.9,420,-8.205263157894736,3.1052631578947385,9.842105263157896,444,-8.884210526315789,1.0578947368421014,9.631578947368418,470,-8.705263157894738,-2.0263157894736854,5.757894736842104,510,-8.5,-3.4000000000000004,3.6,534
"o",416,54.75207466575769,2.8816881403030363,18.289473684210527,12.957894736842107,17.46315789473684,0,0,0,34,0.16842105263157903,-1.2210526315789474,-0.5263157894736843,56,0.4157894736842106,-2.205263157894737,-1.4315789473684215,78,0.9789473684210527,-3.163157894736842,-2.7473684210526317,100,1.4263157894736844,-3.526315789473685,-3.1999999999999997,122,1.5,-3.1368421052631588,-3.0842105263157893,144,2.036842105263158,-1.0105263157894744,-2.105263157894737,165,3.1947368421052644,1.8000000000000012,-1.1526315789473682,188,4.510526315789474,3.878947368421054,-0.17894736842105208,209,5.373684210526316,5.326315789473685,0.20000000000000007,231,6.442105263157895,7.07894736842105,0.5736842105263149,254,5.6,9.100000000000001,1.5,276,2.284210526315792,9.257894736842106,3.7894736842105248,298,-1.4842105263157879,8.157894736842106,8.226315789473682,319,-4.657894736842108,7.63157894736842,11.715789473684213,341,-7.394736842105264,6.442105263157896,13.657894736842104,364,-10.373684210526319,3.5894736842105237,14.263157894736842,386,-11.847368421052632,0.6789473684210532,12.973684210526317,407,-11.757894736842106,-2.131578947368424,10.121052631578943,429,-9,-3.7,6.5,450
"o",450,39.730592899860795,2.0910838368347786,12.526315789473685,9.452631578947368,12.889473684210525,0,0,0,34,-0.2894736842105264,-1.3789473684210525,-1.0105263157894737,58,0.8421052631578947,-2.068421052631579,-1.7210526315789474,81,1.8842105263157898,-2.5789473684210527,-3.0631578947368423,105,2.1947368421052635,-3.142105263157895,-3.8684210526315788,129,2.0315789473684216,-3.205263157894737,-3.4789473684210526,153,2.510526315789474,-1.768421052631578,-3.0368421052631573,176,2.510526315789474,-0.15789473684210495,-2.136842105263158,200,2.473684210526316,1.168421052631579,-1.678947368421053,223,2.6000000000000005,2.9842105263157888,-0.9052631578947372,247,2.636842105263158,4.726315789473684,-0.07368421052631541,271,2.147368421052632,5.136842105263158,1.0947368421052635,294,-0.584210526315792,5.536842105263159,3.05263157894737,318,-2.8578947368421046,6.247368421052632,4.757894736842104,342,-5.2210526315789485,5.763157894736842,7.121052631578949,366,-7.473684210526313,4.5842105263157915,8.526315789473683,390,-9.457894736842105,2.500000000000001,9.021052631578947,414,-9.889473684210527,0.8421052631578938,8.315789473684209,437,-8.663157894736845,-0.4631578947368411,5.931578947368424,461,-6.8,-2.4,5.000000000000001,484
"o",450,49.13562328636878,2.5860854361246726,13.489473684210527,12.189473684210526,15.163157894736845,0,0,0,34,-0.0894736842105263,-1.3210526315789477,-0.8842105263157894,57,0.6894736842105263,-1.9210526315789478,-1.4947368421052634,80,1.5105263157894737,-2.342105263157895,-2.2631578947368425,103,1.7421052631578948,-2.7473684210526317,-2.8947368421052637,125,2.4052631578947365,-2.1263157894736846,-2.7473684210526317,148,2.8631578947368426,-0.7263157894736835,-2.231578947368421,171,2.984210526315789,0.9368421052631584,-1.2526315789473683,194,2.9947368421052634,2.1578947368421053,-0.3368421052631577,216,3.294736842105263,4.115789473684211,0.23157894736842108,245,3.636842105263158,7.126315789473685,0.5736842105263158,279,2.9894736842105276,8.121052631578948,2.3105263157894727,302,-1.8947368421052668,8.289473684210526,7.278947368421057,325,-5.057894736842107,7.052631578947368,10.478947368421055,348,-7.1,5.700000000000001,11.9,371,-7.889473684210527,4.8052631578947365,12.268421052631581,393,-9.852631578947369,0.42105263157894524,11.436842105263159,416,-9.463157894736844,-1.7157894736842114,8.84736842105263,438,-7.852631578947368,-3.1052631578947367,6.1,462,-5.3,-3.900000000000001,3.4,484
"o",533,51.606859650598736,2.7161505079262493,11.5,10.836842105263159,15.710526315789476,0,0,0,34,0.10526315789473684,-1.1789473684210527,-0.9473684210526315,63,0.7842105263157894,-2.2210526315789476,-1.6105263157894738,90,1.431578947368421,-3.015789473684211,-2.4157894736842107,119,1.9263157894736844,-3.3736842105263163,-2.773684210526316,147,1.3894736842105266,-3.8578947368421055,-2.5578947368421057,175,1.1736842105263154,-2.752631578947369,-1.7684210526315793,203,2.5105263157894733,-0.39473684210526416,-1.736842105263158,231,2.852631578947369,1.3368421052631576,-1.2157894736842112,259,2.7473684210526317,4.652631578947369,-0.5,287,2.915789473684211,5.410526315789473,-0.33157894736842125,315,0.6789473684210504,6.1000000000000005,3.7736842105263197,343,-2.3368421052631563,6.300000000000001,9.042105263157893,371,-5.121052631578949,5.494736842105263,12.22105263157895,399,-7.163157894736842,3.5052631578947384,12.93684210526316,427,-8.078947368421053,1.1578947368421046,11.057894736842105,455,-8.58421052631579,-1.7894736842105232,8.489473684210529,483,-7.742105263157895,-3.9631578947368427,5.6,511,-4.857894736842108,-4.536842105263158,2.594736842105266,539,-2.7,-3.9000000000000004,1,567
"o",500,41.705280594883085,2.1950147681517413,13.073684210526316,11.942105263157895,15.789473684210526,0,0,0,34,-0.9473684210526316,-0.18947368421052624,0.14210526315789473,60,-1.2526315789473688,-0.7473684210526317,0.15263157894736845,86,-0.7789473684210528,-1.663157894736842,-0.4684210526315786,113,-0.4842105263157894,-2.8473684210526318,-2.078947368421053,139,1.452631578947368,-3.6,-3.3473684210526313,165,2.0526315789473686,-4.789473684210526,-4.4,192,2,-5.078947368421053,-4.06842105263158,218,1.8736842105263158,-4.194736842105263,-3.5,244,1.5842105263157897,-3.405263157894736,-3.110526315789473,270,2.2157894736842105,-1.589473684210527,-2.1631578947368424,296,2.8842105263157896,-0.10526315789473706,-1.7315789473684213,323,3.673684210526315,1.442105263157893,-0.43684210526315903,349,3.0210526315789465,3.5368421052631596,0.421052631578948,375,1.1210526315789484,5.9263157894736835,2.3578947368421046,402,-1.3578947368421077,6.863157894736842,5.342105263157899,429,-4.247368421052632,6.247368421052633,9.547368421052632,455,-6.510526315789472,5.510526315789475,11.389473684210525,481,-8.521052631578948,3.510526315789472,11.27894736842105,507,-9.4,1.3000000000000003,8.9,534
"o",650,60.188495302152965,3.167815542218577,13.221052631578946,13.200000000000001,15.963157894736842,0,0,0,34,-1.0736842105263158,-1.942105263157895,-0.40526315789473677,68,0.25263157894736865,-3.3631578947368426,-1.647368421052632,102,1.8789473684210527,-4.363157894736842,-3.978947368421053,137,2.8052631578947373,-5.200000000000001,-4.5,171,3.421052631578948,-4.489473684210527,-4.021052631578947,204,2.7631578947368425,-2.457894736842105,-2.873684210526316,239,3.647368421052632,-0.0052631578947370805,-2.278947368421053,273,3.5736842105263156,1.8894736842105284,-1.4,308,2.473684210526317,6.163157894736841,1.94736842105263,342,-0.14736842105263293,8,5.915789473684212,376,-3.868421052631578,6.736842105263159,10.610526315789473,410,-6.457894736842106,5.242105263157894,11.463157894736842,444,-8.615789473684213,1.6368421052631552,10.91578947368421,479,-9.573684210526315,-1.3105263157894733,8.068421052631582,514,-8.668421052631578,-3.3105263157894753,5.568421052631578,547,-6.826315789473682,-4.589473684210528,4.094736842105261,581,-3.789473684210532,-4.45263157894737,2.236842105263162,616,-1.436842105263159,-3.5315789473684225,-0.35263157894736696,650,-0.5,-2.4000000000000004,0,684
"o",566,58.63576195084053,3.086092734254765,15.063157894736843,12.578947368421053,17.189473684210526,0,0,0,51,-0.34736842105263166,-1.0631578947368423,-0.1473684210526317,80,0.036842105263157954,-2.1789473684210527,-0.7842105263157897,108,0.8526315789473683,-3.6157894736842104,-2.494736842105263,138,1.8,-4.8,-3.6000000000000005,166,2.263157894736842,-3.315789473684211,-3.0947368421052635,195,3.01578947368421,-0.29473684210526463,-2.4578947368421056,232,4.6000000000000005,2.6789473684210523,-2.121052631578948,271,4.778947368421053,3.815789473684211,-1.0736842105263156,299,3.778947368421053,5.594736842105264,0.04210526315789476,328,1.073684210526316,7.7210526315789485,2.5473684210526315,357,-2.0894736842105255,7.778947368421053,7.526315789473682,386,-4.963157894736841,7.431578947368422,11.563157894736841,414,-7.768421052631577,5.947368421052634,13.589473684210526,444,-9.826315789473684,2.9947368421052656,12.45789473684211,472,-10.284210526315789,0.22105263157894514,10.13157894736842,501,-9.68421052631579,-2.0684210526315803,7.8736842105263145,530,-7.542105263157893,-3.721052631578948,4.6315789473684195,560,-4.957894736842104,-4.178947368421053,2.0526315789473677,589,-3.4000000000000004,-4.3,0.29999999999999993,617
"o",583,41.52132793686737,2.185333049308809,11.642105263157895,9.731578947368423,12.100000000000001,0,0,0,33,0.3421052631578948,-0.05789473684210522,0.7578947368421053,63,0.5000000000000001,-0.5315789473684212,0.09473684210526312,110,0.7000000000000001,-1.2578947368421052,-0.7842105263157894,140,0.8105263157894738,-1.5263157894736843,-1.1315789473684212,170,1.4,-0.5999999999999999,-1.3000000000000003,199,2.4894736842105263,1.7421052631578946,-1.1210526315789475,229,2.8631578947368426,3.1684210526315795,-0.8473684210526317,259,2.7473684210526317,3.8578947368421055,-0.3421052631578947,288,1.4368421052631581,4.9526315789473685,0.3631578947368418,319,0.5421052631578945,5.221052631578948,2.4210526315789482,348,-0.6157894736842121,5.742105263157896,4.715789473684213,378,-2.61578947368421,7.189473684210527,6.857894736842105,408,-4.463157894736843,6.894736842105264,9.489473684210529,437,-6.25263157894737,6.268421052631579,10.8,468,-7.789473684210526,4.7736842105263175,10.8,499,-8.778947368421052,2.2789473684210524,9.83157894736842,528,-8.236842105263156,-1.136842105263159,6.710526315789473,557,-5.978947368421055,-2.542105263157895,4.452631578947369,587,-3.3000000000000003,-2.3,2.2,616
"o",500,46.844029186631175,2.4654752203490093,13.147368421052631,11.368421052631579,15.489473684210527,0,0,0,34,0.20526315789473687,-1.168421052631579,-0.30000000000000004,76,0.3157894736842106,-2.336842105263158,-1.0315789473684212,102,1.0052631578947366,-2.8842105263157896,-1.8894736842105262,127,2.3210526315789477,-2.468421052631579,-2.3315789473684214,153,2.5631578947368427,-1.694736842105263,-2.473684210526316,178,3.257894736842105,0.32105263157894615,-1.6052631578947376,204,4.647368421052632,2.389473684210526,-1.236842105263158,229,5.278947368421053,3.68421052631579,-0.7526315789473681,255,3.726315789473685,4.884210526315789,0.38947368421052597,281,2.568421052631578,5.436842105263159,1.2578947368421063,305,-0.9368421052631604,6.257894736842106,5.152631578947371,331,-4.036842105263156,6.294736842105263,9.521052631578945,356,-6.042105263157894,6.668421052631579,12.563157894736841,382,-7.28421052631579,5.921052631578948,13.015789473684212,407,-7.868421052631578,3.3105263157894727,12.25263157894737,432,-7.689473684210525,1.2368421052631566,10.426315789473684,458,-7.210526315789474,-0.6315789473684192,8.457894736842107,483,-6.521052631578948,-2.573684210526315,6.689473684210528,509,-5.1000000000000005,-4.7,4,534
"o",517,57.18431595778358,3.0097008398833465,14.86315789473684,15.389473684210527,16.78421052631579,0,0,0,68,0.38947368421052636,-1.2263157894736842,-0.4894736842105264,104,1.1947368421052633,-2.873684210526316,-1.742105263157895,138,1.8473684210526315,-4.463157894736842,-3.0157894736842104,163,1.6736842105263159,-6.052631578947368,-2.936842105263158,189,2.294736842105263,-3.331578947368422,-2.173684210526316,216,3.6578947368421044,0.09999999999999865,-1.5526315789473686,242,5.031578947368421,2.452631578947368,-0.9684210526315791,269,6.042105263157895,4.031578947368422,-0.4631578947368421,295,6.694736842105263,6.173684210526317,0.12631578947368463,321,5.6684210526315795,8.147368421052631,1.3894736842105258,347,3.163157894736843,9.336842105263159,4.221052631578948,373,-0.2789473684210495,8.642105263157898,9.021052631578943,400,-3.6526315789473704,7.847368421052632,12.63684210526316,427,-5.994736842105263,7.063157894736844,13.76842105263158,453,-7.142105263157896,5.0105263157894715,12.952631578947368,479,-7.705263157894737,2.784210526315789,11.010526315789473,505,-8.168421052631578,0.5526315789473698,9.02105263157895,531,-7.894736842105263,-2.1000000000000028,6.289473684210524,558,-6.800000000000001,-4.4,3.7,585
"o",543,44.49279342780119,2.341725969884273,11.01578947368421,12.378947368421052,13.794736842105262,0,0,0,24,0,-0.4105263157894734,-0.27368421052631575,45,0.010526315789473634,-0.9842105263157894,-0.4368421052631579,73,0.22631578947368408,-1.5947368421052632,-0.7105263157894739,101,0.9210526315789473,-1.5000000000000002,-1.268421052631579,129,0.9421052631578948,-1.0473684210526317,-1.3578947368421055,158,1.6105263157894738,0.11578947368421,-1.1210526315789473,186,2.252631578947368,1.9684210526315784,-1.0631578947368423,213,3.2421052631578946,3.526315789473684,-0.5526315789473686,242,3.478947368421052,5.189473684210526,-0.8736842105263165,270,3.3947368421052637,6.957894736842105,-0.11578947368421066,298,1.7631578947368414,7.915789473684212,1.4947368421052643,326,-1.2210526315789452,8.278947368421052,5.573684210526313,354,-3.694736842105264,8.021052631578948,10.157894736842106,382,-4.763157894736842,7.021052631578949,12.436842105263157,410,-6.105263157894738,5.136842105263158,12.236842105263158,438,-7.063157894736841,3.0736842105263182,10.55263157894737,466,-7.536842105263158,-1.1736842105263163,7.968421052631579,511,-6.147368421052637,-3.2526315789473674,5.842105263157899,539,-3.6000000000000005,-4.1,3.5,567
"o",567,63.776799649091096,3.3566736657416367,15.647368421052633,15.363157894736844,18.43684210526316,0,0,0,50,-0.6052631578947368,-0.19999999999999996,-0.10526315789473684,78,-0.7263157894736844,-0.8210526315789473,-0.30000000000000004,107,-0.4789473684210529,-1.889473684210526,-0.7736842105263155,136,0.2684210526315788,-4.236842105263158,-3.057894736842105,179,1.2578947368421056,-6.18421052631579,-4.731578947368422,207,0.9578947368421045,-4.615789473684212,-3.6368421052631583,235,3.642105263157894,0.08947368421052437,-3.1789473684210527,263,5.93157894736842,3.2684210526315782,-2.2684210526315796,291,6.652631578947369,5.157894736842104,-1.6842105263157898,320,4.800000000000002,8.77894736842105,-1.7763568394002505e-15,362,2.1947368421052618,9.178947368421053,5.0000000000000036,392,-1.9421052631578926,8.215789473684211,10.768421052631577,421,-5.121052631578949,7.184210526315789,13.705263157894738,449,-7.826315789473682,5.131578947368423,13.278947368421054,477,-8.973684210526315,3.1315789473684204,10.731578947368423,504,-8.994736842105263,0.584210526315792,8.752631578947371,532,-8.23157894736842,-1.6315789473684215,6.6157894736842096,561,-6.684210526315792,-3.342105263157893,4.726315789473688,589,-5.1000000000000005,-4.7,1.6,617
"o",483,57.507699452464394,3.0267210238139155,15.61578947368421,14.905263157894737,19.989473684210527,0,0,0,34,-0.5578947368421053,-1.0473684210526315,-0.536842105263158,81,-0.16315789473684214,-2.557894736842105,-1.168421052631579,114,0.7789473684210527,-4.084210526315789,-2.2105263157894743,138,1.3421052631578947,-5.147368421052631,-3.3473684210526318,162,2.8210526315789477,-5.91578947368421,-4.531578947368422,186,3.0000000000000004,-4.252631578947367,-4.589473684210526,209,4.136842105263158,0.8631578947368431,-3.073684210526316,234,5.357894736842105,3.1526315789473682,-2.6631578947368424,257,6.11578947368421,5.205263157894737,-2.3631578947368426,281,5.368421052631578,7.194736842105264,-1.805263157894736,304,3.868421052631579,8.55263157894737,0.8157894736842111,328,2.1052631578947345,8.694736842105264,5.205263157894743,352,-0.40526315789473566,8.742105263157896,10.652631578947366,376,-2.910526315789475,8.989473684210527,14.389473684210529,399,-5.000000000000001,8.5,15.4,423,-7.136842105263158,6.584210526315791,14.589473684210528,451,-8.878947368421054,3.5842105263157875,12.947368421052632,470,-9.010526315789475,0.7421052631578974,10.78947368421053,494,-9.5,-0.5,7.800000000000001,517
"o",533,54.31056443833127,2.8584507599121722,13.978947368421053,12.115789473684211,19.110526315789475,0,0,0,34,-0.6526315789473685,-0.6789473684210526,0.33684210526315794,62,-1.1,-2.1578947368421053,0.44736842105263164,88,-0.20526315789473712,-3.2263157894736842,-0.5052631578947366,116,1.4736842105263157,-5.468421052631578,-3.7736842105263158,159,2.068421052631579,-6.415789473684211,-4.547368421052632,187,1.9000000000000001,-5.552631578947369,-4.1684210526315795,214,2.9052631578947365,-2.6157894736842113,-2.973684210526316,241,5.705263157894737,1.636842105263158,-3.073684210526316,269,5.731578947368421,2.7789473684210524,-2.3263157894736843,296,5.147368421052633,3.852631578947368,-1.6263157894736868,322,3.273684210526318,4.778947368421052,1.484210526315786,350,0.22631578947368705,4.826315789473685,5.894736842105259,377,-2.247368421052631,5.147368421052631,10.584210526315786,404,-4.063157894736841,5.7,13.91578947368421,431,-6.473684210526316,4.96842105263158,14.563157894736843,459,-7.652631578947369,3.4526315789473694,13.505263157894737,486,-8.247368421052633,1.3157894736842113,11.889473684210527,513,-7.863157894736843,-0.7052631578947367,9.536842105263158,540,-6.800000000000001,-2.3,6.8,567
"o",517,53.613704857371815,2.8217739398616746,14.994736842105262,12.789473684210526,15.410526315789474,0,0,0,34,-0.1526315789473684,-0.9578947368421054,0.1578947368421053,61,0.10526315789473684,-2.2105263157894735,-0.6578947368421054,88,0.9368421052631579,-3.8736842105263154,-2.0842105263157893,116,1.5157894736842106,-4.5,-2.6105263157894734,143,2.2789473684210524,-3.305263157894739,-2.989473684210527,170,3.252631578947368,0.5368421052631567,-2.3210526315789473,197,6.394736842105263,5.405263157894737,-1.8157894736842106,225,6.273684210526316,7.131578947368421,-1.3684210526315792,252,5.321052631578948,7.700000000000001,0.1578947368421051,279,3.2684210526315827,7.657894736842105,2.5052631578947344,305,0.2894736842105287,8.189473684210526,5.589473684210524,333,-1.8368421052631565,7.942105263157895,9.599999999999998,360,-4.299999999999998,7.694736842105264,11.447368421052632,388,-7.14736842105263,6.710526315789475,12.421052631578947,415,-8.047368421052632,5.036842105263159,11.76842105263158,442,-8.6,2.3526315789473693,10.81578947368421,469,-8.305263157894736,-0.07894736842105199,9.142105263157895,496,-7.9,-2.799999999999999,7.021052631578948,523,-7.1000000000000005,-4.6,4.5,551
"o",517,56.65852117906751,2.9820274304772374,14.73684210526316,15.18421052631579,16.773684210526316,0,0,0,34,-0.1894736842105263,-0.5421052631578946,0.010526315789473717,62,-0.19473684210526315,-1.9105263157894736,-0.13157894736842102,88,0.8157894736842104,-3.2157894736842105,-1.9315789473684206,116,2.0631578947368423,-5.08421052631579,-3.878947368421053,143,2.894736842105263,-7.063157894736841,-5.2,171,3.7157894736842105,-7.08421052631579,-5.121052631578948,198,4.068421052631579,-3.5052631578947384,-3.9894736842105267,225,5.410526315789474,1.8526315789473684,-3.857894736842106,252,5.326315789473685,3.48421052631579,-2.621052631578948,279,4.210526315789475,5.484210526315788,-2.3842105263157913,306,2.473684210526318,7.04736842105263,0.478947368421049,333,-0.14210526315789235,8.1,4.678947368421049,361,-2.952631578947367,7.473684210526317,9.242105263157892,388,-5.163157894736841,6.326315789473685,11.573684210526316,415,-7.768421052631578,4.684210526315791,11.25263157894737,442,-9.042105263157897,2.331578947368422,10.294736842105266,470,-9.326315789473686,-0.20526315789473615,8.810526315789474,497,-8.505263157894738,-2.1789473684210523,7.431578947368421,524,-7.2,-4.6,5.6000000000000005,551
"o",517,46.83741369492255,2.4651270365748714,13.536842105263156,13.663157894736843,15.515789473684212,0,0,0,34,-0.8421052631578949,-0.37368421052631584,-0.1263157894736842,78,-0.6894736842105265,-0.763157894736842,-0.06315789473684214,104,0.19473684210526304,-1.394736842105263,-0.8421052631578945,131,0.5894736842105266,-2.5894736842105264,-1.5578947368421054,156,1.3578947368421053,-3.357894736842105,-2.2578947368421054,182,1.505263157894737,-3.1210526315789484,-2.415789473684211,209,1.436842105263158,-2.6526315789473687,-2.0894736842105264,236,2.2894736842105265,-0.4105263157894734,-1.6473684210526316,262,3.147368421052632,1.8315789473684219,-1.2105263157894732,289,3.463157894736842,3.8842105263157887,-0.18421052631578977,315,3.1894736842105265,6.389473684210527,0.4105263157894736,340,2.810526315789474,8.915789473684208,2.115789473684208,367,1.2105263157894728,10.305263157894737,5.515789473684213,394,-1.8526315789473673,10.026315789473685,9.600000000000001,420,-5.436842105263162,8.784210526315787,12.18947368421053,447,-8.247368421052633,6.6,13.100000000000001,472,-10.005263157894737,3.9368421052631595,12.257894736842108,498,-10.073684210526315,1.5684210526315772,9.942105263157893,525,-9.7,-0.7,7.1000000000000005,551
"o",500,52.18314213088586,2.7464811647834666,12.984210526315788,15.15263157894737,15.121052631578946,0,0,0,34,0.27368421052631586,-0.6473684210526318,-0.8052631578947369,60,1.1157894736842104,-1.542105263157895,-2.0631578947368423,87,1.1263157894736842,-2.742105263157894,-2.5473684210526315,113,1.3947368421052633,-3.2736842105263158,-2.873684210526316,139,1.6894736842105265,-2.28421052631579,-2.4210526315789473,165,2.578947368421052,0.10526315789473562,-2.205263157894737,192,4.057894736842105,2.984210526315789,-1.6684210526315792,218,4.721052631578948,5.952631578947369,-1.1631578947368422,244,3.284210526315788,8.231578947368423,-0.41052631578947313,271,0.836842105263159,9.65263157894737,1.4842105263157885,297,-1.7368421052631575,8.978947368421053,6.2105263157894735,323,-4.231578947368419,8.505263157894737,11.168421052631576,349,-6.489473684210528,7.878947368421053,12.24736842105263,376,-8.131578947368421,5.731578947368423,12.036842105263158,403,-8.26315789473684,3.0684210526315763,10.610526315789471,429,-8.2,0.7578947368421048,8.152631578947368,454,-7.442105263157896,-1.3789473684210514,5.889473684210528,480,-7.247368421052632,-3.563157894736843,4.352631578947367,507,-6.6000000000000005,-5.5,2.8000000000000003,534
"o",533,61.23892550638688,3.2231013424414146,17.368421052631582,15.610526315789475,15.778947368421054,0,0,0,51,-0.27368421052631575,-0.7,0.21578947368421053,78,0.15263157894736845,-2.026315789473684,0.1789473684210527,110,0.9263157894736841,-4.215789473684211,-1.3578947368421053,149,2.2578947368421054,-5.473684210526316,-2.3210526315789473,177,2.6526315789473687,-6.831578947368421,-2.442105263157896,204,2.7157894736842105,-6.131578947368422,-1.6,231,3.4210526315789473,-2.900000000000001,-1.3842105263157896,259,5.152631578947369,0.3894736842105261,-1.5947368421052632,286,6.442105263157895,2.957894736842105,-1.5684210526315792,313,5.6789473684210545,7.5105263157894715,-0.28947368421052855,339,3.494736842105266,8.778947368421052,2.9684210526315757,367,0.210526315789477,7.836842105263159,8.263157894736839,394,-3.5263157894736814,6.589473684210527,11.57894736842105,421,-7.015789473684209,4.957894736842106,13.336842105263157,448,-9.321052631578947,2.7421052631578964,12.373684210526317,476,-10.731578947368423,-0.057894736842104444,10.663157894736843,503,-10.926315789473687,-2.505263157894736,8.61578947368421,530,-9.884210526315792,-4.778947368421053,6.584210526315791,557,-7,-5.700000000000001,4.2,584
"o",517,67.02753662727437,3.5277650856460196,15.605263157894736,16.373684210526317,17.968421052631577,0,0,0,34,1.2789473684210526,-1.6578947368421053,-1.1894736842105265,70,3.0263157894736845,-3.721052631578948,-3.3578947368421055,103,4.289473684210526,-5.931578947368421,-5.157894736842104,130,4.510526315789473,-7.826315789473685,-4.821052631578947,156,3.026315789473685,-6.578947368421054,-2.6578947368421058,182,2.9421052631578943,-3.3947368421052646,-1.7105263157894741,209,4.705263157894736,0.005263157894736192,-1.4368421052631577,235,7.231578947368422,3.0368421052631582,-2.0368421052631582,261,7.231578947368421,4.926315789473684,-1.2473684210526308,288,6.047368421052632,6.268421052631578,0.2526315789473679,314,2.76842105263158,8.373684210526317,4.378947368421052,340,-2.2842105263157864,7.836842105263158,11.452631578947365,367,-4.852631578947371,6.773684210526315,12.810526315789474,393,-7.852631578947369,4.042105263157896,12.694736842105264,419,-8.3,1.4684210526315757,11.047368421052632,446,-8.373684210526315,-1.3473684210526324,9.805263157894737,472,-7.9631578947368435,-3.94736842105263,7.184210526315791,498,-6.342105263157892,-6.305263157894739,5.210526315789473,525,-5.5,-8,3.2,551
"o",466,59.68457507214035,3.141293424849492,17.647368421052633,15.48421052631579,17.215789473684215,0,0,0,34,-0.052631578947368446,-1.1789473684210527,-0.08947368421052629,58,0.7578947368421052,-2.4526315789473685,-0.6789473684210526,82,1.4368421052631584,-3.3947368421052637,-1.5368421052631585,107,2.2578947368421054,-4.784210526315789,-3.0736842105263156,131,2.7263157894736842,-6.08421052631579,-3.089473684210527,156,2.515789473684211,-5.978947368421053,-2.6473684210526316,180,2.68421052631579,-3.042105263157895,-2.1,205,4.642105263157894,0.6526315789473667,-2.1789473684210527,230,6.2631578947368425,3.3578947368421064,-1.868421052631579,254,6.48421052631579,6.084210526315789,-1.2789473684210528,279,4.600000000000002,8.21578947368421,-0.16315789473684392,304,1.7315789473684178,9.4,3.494736842105269,329,-2.0631578947368445,8.473684210526315,9.384210526315794,353,-5.452631578947369,7.48421052631579,13.63684210526316,378,-8.657894736842104,6.242105263157896,14.126315789473686,402,-10.694736842105263,3.684210526315792,12.92105263157895,427,-11.163157894736843,0.9105263157894712,10.921052631578947,451,-10.078947368421053,-1.5947368421052646,8.447368421052632,476,-8.200000000000001,-3.4000000000000004,5.9,500
"o",450,50.73336686695884,2.6701772035241493,15.410526315789472,13.194736842105264,18.052631578947366,0,0,0,35,0.010526315789473634,-0.5263157894736841,-0.4,59,0.636842105263158,-1.205263157894737,-0.23157894736842108,82,0.7000000000000001,-2.5315789473684216,-2.105263157894737,105,1.2473684210526317,-3.310526315789473,-2.126315789473684,129,3.5736842105263165,-3.4368421052631577,-3.105263157894737,153,4.463157894736843,-2.057894736842104,-3.9473684210526314,176,4.510526315789473,0.5947368421052637,-3.331578947368421,200,5.08421052631579,3.1526315789473687,-2.478947368421053,224,6.031578947368421,5.0473684210526315,-1.7052631578947373,248,6.436842105263158,6.847368421052633,-0.5263157894736834,271,5.252631578947368,7.96842105263158,0.7526315789473684,295,2.5473684210526275,9.131578947368421,1.926315789473688,320,-1.3842105263157876,9.557894736842107,5.999999999999997,343,-5.026315789473687,9.757894736842106,10.415789473684212,366,-8.010526315789471,9.610526315789475,13.578947368421051,390,-8.973684210526315,8.315789473684212,14.105263157894736,414,-8.852631578947369,5.484210526315788,12.826315789473684,438,-8.078947368421055,2.700000000000003,11.957894736842105,461,-7.6000000000000005,0,11.6,485
"o",467,49.70399711252917,2.615999848027851,13.763157894736842,12.226315789473684,17.83684210526316,0,0,0,51,0.5736842105263157,-0.15263157894736823,-0.3368421052631579,76,1.857894736842105,-0.1947368421052631,-1.168421052631579,99,2.310526315789474,-1.1526315789473687,-1.9526315789473687,124,2.6894736842105265,-1.6789473684210527,-2.389473684210526,149,3.7157894736842105,-1.6,-3.1000000000000005,174,2.642105263157894,-1.1789473684210523,-2.7631578947368425,198,2.694736842105263,-0.02631578947368407,-2.105263157894737,223,3.2947368421052627,2.0263157894736836,-1.9789473684210528,247,3.9315789473684215,3.663157894736843,-1.663157894736842,271,4.152631578947369,5.136842105263158,-0.5578947368421056,296,3.031578947368422,8.789473684210526,1.5210526315789452,322,1.4421052631578926,9.842105263157897,5.084210526315795,346,-1.0368421052631596,10.547368421052632,9.563157894736843,371,-3.1842105263157903,10.421052631578949,12.952631578947368,394,-5.810526315789472,8.910526315789475,14.73684210526316,419,-8.294736842105262,6.200000000000003,13.73684210526316,444,-9.610526315789473,3.6210526315789453,11.99473684210526,469,-9.589473684210526,1.4105263157894727,8.942105263157893,493,-8.5,-0.7000000000000002,6.000000000000001,518
"w",651,101.01811857254935,5.316743082765756,2.657894736842105,15.221052631578948,21.315789473684212,0,0,0,50,-0.08421052631578951,-4.06842105263158,-2.8368421052631585,98,-0.5105263157894738,-5.678947368421053,-3.9473684210526323,132,0.15263157894736842,-3.2526315789473688,-2.3578947368421055,164,0.2,1.7105263157894743,1.5473684210526324,197,0.4736842105263158,6.694736842105263,7.43157894736842,230,0.768421052631579,9.542105263157895,11.610526315789475,262,0.9368421052631579,8.089473684210526,10.178947368421055,295,0.4105263157894735,4.210526315789473,6.252631578947368,327,-0.4052631578947371,-0.463157894736844,1.136842105263156,359,-0.2578947368421055,-3.768421052631578,-3.294736842105262,392,-0.052631578947369195,-5.436842105263159,-7.094736842105267,431,-0.20000000000000004,-4.689473684210528,-8.763157894736842,474,0.09473684210526266,-0.010526315789477936,-7.07368421052632,506,-0.9842105263157891,5.694736842105264,-1.3105263157894727,538,-1.4,8.968421052631577,8.694736842105263,571,-1.721052631578947,9.457894736842103,12.55263157894737,607,-1.321052631578948,4.38947368421052,9.742105263157885,636,-1.473684210526315,1.7263157894736825,3.5578947368421012,668,-1.4,-1.5,-1.2000000000000002,701
"w",667,105.9525255532345,5.576448713328131,11.121052631578944,15.410526315789474,17.05789473684211,0,0,0,50,-0.2684210526315789,-1.389473684210527,-1.0947368421052635,86,0.5052631578947372,-4.131578947368421,-3.7315789473684213,137,2.7631578947368425,-3.6578947368421058,-3.3210526315789477,170,2.9578947368421056,-0.5894736842105246,-1.8999999999999988,204,3.810526315789474,6.563157894736843,2.6789473684210536,238,4.147368421052631,10,6.673684210526316,272,1.6368421052631583,8.573684210526316,7.878947368421053,306,-5.473684210526319,0.24736842105262813,5.6999999999999975,341,-6.16842105263158,-3.468421052631578,2.047368421052633,375,-4.668421052631579,-5.410526315789474,-2.163157894736844,409,-2.221052631578949,-5.3684210526315805,-5.2894736842105265,443,1.2263157894736847,-2.4473684210526314,-6.152631578947369,478,3.5368421052631582,2.994736842105269,-4.1842105263157885,512,4.026315789473684,8.747368421052633,-0.5315789473684218,546,0.8052631578947343,9.742105263157894,5.2842105263157935,580,-3.684210526315795,7.199999999999996,10.415789473684216,614,-6.973684210526313,1.8842105263157976,10.90526315789474,648,-6.921052631578949,-2.105263157894734,6.136842105263162,683,-4.2,-4.200000000000001,-1.3,717
"w",600,85.72248592853788,4.51170978571252,10.278947368421054,16.75263157894737,15.084210526315792,0,0,0,34,0.04210526315789476,-2.363157894736842,-1.3263157894736843,93,-0.773684210526316,-4.321052631578947,-2.1157894736842104,127,-1.036842105263158,-5.4105263157894745,-2.573684210526316,156,-0.35789473684210527,-2.663157894736842,-0.763157894736842,187,1.5368421052631582,3.8000000000000007,2.6789473684210536,216,4.152631578947368,8.889473684210525,7.468421052631578,247,5.494736842105263,10.58421052631579,8.636842105263158,276,3.052631578947368,6.368421052631579,6.226315789473684,305,-1.7421052631578935,-1.2947368421052616,1.1210526315789484,336,-4.784210526315791,-5.321052631578948,-1.5631578947368427,365,-4.0210526315789465,-6.1684210526315795,-3.989473684210528,395,-2.8684210526315796,-5.621052631578948,-5.494736842105263,425,-2.105263157894737,-3.0999999999999996,-5.421052631578947,454,-2.6578947368421044,1.1526315789473727,-3.957894736842101,485,-0.3842105263157911,5.921052631578945,1.3789473684210494,514,1.4894736842105265,9.510526315789475,5.542105263157895,544,0.7368421052631564,9.568421052631578,9.078947368421053,574,-0.9631578947368418,6.32105263157895,9.589473684210528,604,-1.3,2.7,6.6,634
"w",651,115.8430071198174,6.097000374727232,18.38421052631579,17.500000000000004,17.605263157894736,0,0,0,34,0.4842105263157894,-0.7473684210526319,0.05789473684210511,69,0.6421052631578948,-2.515789473684211,-1.38421052631579,103,1.5105263157894737,-4.142105263157895,-3.221052631578948,137,2.247368421052632,-2.3105263157894713,-2.210526315789472,171,5.721052631578948,5.242105263157896,2.8736842105263167,205,7.9,10.863157894736844,5.557894736842106,239,5.36842105263158,11.889473684210529,6.731578947368422,274,-1.5263157894736894,5.5578947368421,8.173684210526316,308,-8.494736842105263,-1.5210526315789454,6.142105263157896,342,-10.48421052631579,-5.563157894736843,2.3947368421052615,376,-7.400000000000003,-5.610526315789475,-1.4999999999999978,410,-2.1684210526315786,-3.4894736842105267,-4.505263157894737,445,2.800000000000004,0.43684210526316125,-4.694736842105263,479,6.031578947368421,4.9421052631578934,-2.4210526315789482,513,4.499999999999997,11.415789473684212,3.4947368421052656,547,-3.8736842105263283,6.5736842105263085,10.410526315789483,581,-8.96315789473684,2.0789473684210575,12.910526315789474,615,-9.410526315789474,-1.115789473684208,9.215789473684216,650,-6.500000000000001,-3,3.8000000000000003,685
"w",616,97.57916287395358,5.13574541441861,14.257894736842108,17.289473684210527,16.82105263157894,0,0,0,34,0.20000000000000007,-0.668421052631579,-1.1578947368421055,66,0.5000000000000001,-2.1263157894736846,-1.7684210526315791,98,0.2842105263157896,-2.663157894736843,-1.7789473684210528,131,0.7789473684210527,-0.4947368421052629,-0.4263157894736842,164,1.9105263157894732,2.7736842105263153,0.8842105263157891,197,3.9842105263157896,7.063157894736842,3.2842105263157895,229,2.789473684210526,9.921052631578947,6.105263157894737,262,-0.7684210526315797,6.542105263157894,7.057894736842106,293,-3.9052631578947383,2.2263157894736825,5.305263157894736,326,-7.921052631578947,-2.905263157894735,1.157894736842107,358,-7.110526315789473,-4.3578947368421055,-2.1473684210526334,391,-3.352631578947369,-2.510526315789474,-4.468421052631579,423,0.11052631578947147,1.289473684210522,-4.757894736842108,456,3.6578947368421066,6.7736842105263175,-1.6368421052631579,488,6.33684210526316,12.931578947368422,1.4473684210526288,521,0.3578947368421027,12.252631578947366,8.200000000000003,553,-3.7526315789473754,7.763157894736827,12.063157894736833,586,-5.963157894736844,2.9578947368420985,8.978947368421048,618,-7.000000000000001,-4,3,650
"w",633,106.86091439202168,5.624258652211668,14.405263157894737,16.68421052631579,20.621052631578955,0,0,0,34,0,-1.036842105263158,-0.2578947368421053,65,0.35789473684210527,-3.010526315789474,-2.389473684210526,114,0.3631578947368421,-4.578947368421053,-3.9052631578947374,146,-1.021052631578947,-5.526315789473685,-2.631578947368422,177,1.778947368421049,0.08421052631578507,0.5052631578947356,216,6.305263157894737,7.531578947368421,3.5999999999999996,257,6.473684210526316,11.157894736842106,7.189473684210528,288,1.3263157894736868,6.889473684210528,10.931578947368422,321,-3.215789473684214,2.5578947368421012,9.268421052631576,352,-6.910526315789471,-2.368421052631575,4.910526315789477,383,-7.515789473684211,-4.773684210526316,1.031578947368423,415,-6.463157894736843,-5.126315789473685,-2.926315789473684,447,-3.8,-3.878947368421053,-5.657894736842105,478,0.7157894736842124,-0.4947368421052616,-6.378947368421052,509,4.089473684210528,3.3947368421052664,-4.084210526315787,542,6.889473684210526,8.526315789473681,-0.27368421052631964,573,2.9,8.5,10.3,607,-0.9842105263157976,5.899999999999995,14.242105263157903,636,-4.7,0,13.100000000000001,667
"w",551,131.83597405758707,6.938735476715109,14.573684210526313,13.889473684210529,33.90526315789474,0,0,0,34,0.4368421052631579,-0.9789473684210526,-1.789473684210526,62,1.394736842105263,-2.3842105263157896,-3.678947368421053,91,1.9000000000000001,-3.094736842105264,-5.126315789473685,119,2.268421052631579,-2.189473684210527,-2.6210526315789484,147,3.652631578947368,0.9578947368421045,0.9789473684210513,175,4.136842105263159,3.0578947368421057,8.305263157894734,203,1.2315789473684229,1.5157894736842117,17.021052631578943,231,-3.594736842105262,0.20526315789473704,19.35263157894737,259,-5.010526315789475,0.07894736842105221,10.1421052631579,288,-4,0.5,6.1000000000000005,314,0.23684210526315885,1.921052631578948,-10.03684210526316,359,2.473684210526314,3.7526315789473674,-14.552631578947368,388,5.200000000000002,6.042105263157896,-13.442105263157895,416,9.563157894736838,9.97894736842105,-7.342105263157899,444,9.53157894736842,10.794736842105264,4.131578947368426,472,1.9842105263157979,5.121052631578954,16.23684210526315,500,-4.08421052631579,1.0105263157894737,16.121052631578948,528,-4.0052631578947375,1.5368421052631582,10.731578947368432,556,-3.3,1.3,2.8000000000000003,585
"w",600,129.61682098509735,6.821937946584071,15.168421052631583,11.900000000000002,31.763157894736842,0,0,0,34,-0.5526315789473685,-1.2894736842105265,-1.0210526315789474,65,-0.32631578947368434,-2.2052631578947373,-2.042105263157895,96,0.8157894736842105,-2.7631578947368425,-2.7631578947368425,126,2.9736842105263155,-2.9684210526315793,-4.8052631578947365,157,4.326315789473685,-0.7842105263157871,-1.631578947368416,193,4.910526315789473,2.0263157894736836,5.2368421052631575,235,7.705263157894738,5.821052631578949,12.810526315789476,265,3.921052631578949,3.7526315789473697,17.126315789473683,297,-2.5684210526315745,0.3578947368421076,16.957894736842107,328,-6.410526315789475,-2.7473684210526335,6.899999999999986,358,-6.142105263157895,-4.005263157894737,-4.873684210526317,388,-4.484210526315791,-3.731578947368422,-11.26315789473684,420,-2.078947368421055,-0.5947368421052658,-14.636842105263158,450,3.4684210526315824,3.300000000000002,-12.799999999999999,481,8.378947368421054,7.236842105263158,-6.078947368421052,512,8.757894736842108,7.8947368421052655,5.357894736842102,543,0.28947368421053465,2.1842105263157943,14.74210526315789,573,-5.294736842105262,-0.3157894736842103,16.000000000000004,604,-5.000000000000001,-1.4,10.600000000000001,634
"w",549,114.15205938638668,6.008003125599299,17.88947368421053,11.731578947368423,34.03157894736842,0,0,0,34,-0.15263157894736845,-1.147368421052632,-0.773684210526316,76,1.2210526315789476,-1.4842105263157896,-1.6842105263157896,118,1.310526315789474,-1.0263157894736845,0.10526315789473562,144,0.2947368421052634,-0.6210526315789471,3.726315789473685,169,1.9842105263157896,2.0368421052631582,9.72105263157895,194,3.5421052631578958,4.2,15.857894736842104,220,0.9894736842105266,3.515789473684211,19.46315789473684,246,-5.1000000000000005,1.7210526315789476,12.06315789473684,287,-4.657894736842106,1.7263157894736842,4.557894736842107,313,-3.7894736842105265,0.7157894736842101,-1.6842105263157914,338,-2.726315789473684,0.19999999999999996,-8.394736842105269,363,-1.22631578947369,1.8157894736842057,-13.947368421052627,394,4.131578947368418,5.231578947368419,-14.56842105263158,431,10.489473684210527,8.536842105263158,-9.45263157894737,457,12.789473684210527,10.247368421052633,-0.8947368421052595,483,8.999999999999996,7.8894736842105235,8.336842105263164,507,3.0105263157894795,4.415789473684214,13.747368421052627,533,-0.6999999999999986,4,16.621052631578948,559,-3.2,3.7,14.8,583
"w",650,91.36594875030752,4.808734144753028,11.310526315789474,9.81578947368421,25.531578947368423,0,0,0,34,0.4842105263157895,-0.5315789473684212,-0.7210526315789475,68,-0.41052631578947374,-1.6315789473684212,-0.1578947368421052,102,-0.13684210526315782,-1.1736842105263152,0.7736842105263159,137,1.131578947368422,1.094736842105264,3.2736842105263166,171,2.405263157894737,3.4894736842105267,7.100000000000001,204,3.2473684210526317,5.936842105263159,11.715789473684211,240,1.852631578947369,6.210526315789474,14.257894736842108,273,-1.6473684210526334,3.4947368421052616,7.963157894736836,307,-3.9789473684210526,1.5684210526315794,-0.11052631578947125,342,-3.826315789473684,1.5631578947368423,-6.778947368421054,376,-1.9789473684210541,3.063157894736841,-10.663157894736841,410,0.6473684210526318,4.605263157894737,-11.273684210526316,444,3.9631578947368453,5.710526315789475,-8.957894736842102,479,7.3315789473684205,8.18421052631579,-2.321052631578949,513,4.015789473684207,6.894736842105262,5.673684210526321,547,-1.747368421052636,5.263157894736841,11.678947368421056,581,-1.463157894736844,6.168421052631578,10.90526315789474,615,-1.689473684210526,5.426315789473685,5.468421052631585,650,-1.9000000000000001,4.3,1,684
"w",650,99.49577138822099,5.236619546748473,13.55263157894737,11.373684210526317,25.19473684210526,0,0,0,34,0.38421052631578945,-0.015789473684210353,0.26315789473684204,69,-0.08947368421052626,-1.1736842105263157,-0.6526315789473687,103,0.5421052631578948,-1.973684210526315,-1.3052631578947371,138,1.7578947368421054,-0.07368421052631513,0.11052631578947425,172,1.2210526315789476,0.7000000000000002,2.189473684210527,205,2.689473684210527,2.821052631578948,4.852631578947369,240,6.052631578947368,6.252631578947369,10.963157894736844,274,1.5999999999999948,6.08421052631579,11.56315789473684,308,-2.2105263157894712,4.826315789473687,8.626315789473688,343,-5.421052631578949,1.326315789473684,5.199999999999998,377,-7.005263157894737,-0.678947368421051,0.02105263157895121,411,-5.663157894736843,-0.5684210526315785,-5.378947368421054,445,-2.7789473684210506,1.578947368421054,-9.28421052631579,479,0.173684210526315,4.494736842105263,-8.642105263157896,514,4.742105263157896,9.400000000000002,-2.4842105263157848,548,3.0999999999999956,7.763157894736836,8.784210526315807,581,-3.8052631578947285,3.315789473684214,15.91052631578947,616,-5.4,3.1947368421052635,13.878947368421056,650,-7.500000000000001,0.20000000000000018,5,684
"w",617,125.06695811351817,6.582471479658851,13.152631578947368,18.30526315789474,29.536842105263162,0,0,0,34,0.010526315789473661,-0.7789473684210528,-0.7789473684210526,66,-1.036842105263158,-2.8526315789473693,-1.468421052631579,98,-0.9947368421052633,-5.426315789473685,-0.9263157894736842,131,1.647368421052632,-4.657894736842104,0.736842105263158,164,3.978947368421052,2.8684210526315774,4.505263157894736,196,7.515789473684211,8.505263157894737,12.357894736842105,229,7.284210526315789,11.33157894736842,16.38421052631579,261,3.4789473684210512,9.010526315789473,15.847368421052632,294,-2.1578947368421084,3.426315789473681,8.831578947368417,327,-5.636842105263158,-1.563157894736841,0.3578947368421084,358,-5.473684210526316,-3.18421052631579,-7.200000000000005,391,-4.4789473684210535,-3.5000000000000004,-11.868421052631579,423,-2.7526315789473705,-2.642105263157896,-12.210526315789474,455,0.442105263157896,-0.3368421052631567,-9.989473684210527,488,5.726315789473683,6.3789473684210485,-1.6578947368421117,521,5.973684210526315,12.878947368421054,10.110526315789478,554,2.3947368421052544,11.315789473684202,17.32631578947369,586,-2.2631578947368443,7.1157894736842096,16.457894736842103,618,-4.500000000000001,3.5,10.5,651
"w",684,143.582168185617,7.556956220295632,13.126315789473685,17.710526315789473,30.45263157894737,0,0,0,34,0.03157894736842101,-0.6315789473684209,-0.18421052631578938,69,0.031578947368421234,-1.878947368421052,-2.0736842105263156,108,-1.8473684210526318,-5.105263157894737,-4.157894736842106,156,-3.4105263157894736,-6.815789473684211,-3.5789473684210535,191,-1.6578947368421026,-2.531578947368418,-0.13157894736841902,226,3.7263157894736856,4.021052631578948,5.5842105263157915,262,7.526315789473684,8.947368421052632,15.321052631578945,297,3.226315789473687,6.000000000000002,17.61052631578948,331,-1.189473684210523,1.8210526315789508,12.75789473684211,366,-4.9368421052631595,-3.073684210526318,4.27368421052631,402,-5.421052631578948,-5.5473684210526315,-3.8736842105263185,437,-4.752631578947369,-5.7,-9.910526315789475,471,-4.5736842105263165,-5.231578947368422,-12.831578947368422,507,0.8578947368421026,-0.8947368421052658,-8.210526315789478,542,5.078947368421051,6.899999999999996,3.2842105263157824,578,5.415789473684212,10.894736842105264,14.026315789473676,612,-3.215789473684213,2.468421052631576,17.621052631578948,648,-4.978947368421053,-1.263157894736838,9.363157894736856,682,-5.6000000000000005,-4.4,1.2000000000000002,718
"w",666,141.03939125373606,7.4231258554597925,16.51578947368421,16.11052631578947,26.989473684210523,0,0,0,34,1.1421052631578947,-1.6105263157894738,-2.3473684210526313,69,5.242105263157895,-1.4000000000000004,-4.48421052631579,105,1.1,0.21578947368421098,-1.5421052631578949,139,5.789473684210525,5.868421052631578,6.2789473684210515,175,9.315789473684212,9.231578947368423,11.257894736842108,210,8.789473684210527,11.215789473684211,15.83684210526316,245,3.6894736842105273,9.326315789473686,16.973684210526315,280,-2.3526315789473666,5.068421052631581,14.363157894736846,315,-6.936842105263157,-0.11578947368420822,4.089473684210532,350,-6.773684210526316,-2.9368421052631595,-2.868421052631584,385,-4.873684210526315,-3.484210526315789,-8.005263157894738,421,-2.3421052631578942,-1.8999999999999995,-8.88421052631579,455,3.205263157894737,2.5210526315789465,-4.310526315789474,490,7.721052631578947,7.673684210526314,3.1473684210526294,525,8.078947368421055,12.626315789473683,11.6578947368421,560,2.094736842105271,10.284210526315796,18.105263157894733,595,-3.4842105263157914,6.094736842105262,15.052631578947365,630,-5.994736842105261,2.9684210526315837,8.357894736842116,665,-7.2,-1.2999999999999998,-1.0999999999999996,700
"w",616,121.69628496303527,6.405067629633435,15.65263157894737,15.68947368421053,26.16842105263158,0,0,0,34,-1.7210526315789472,-1.7684210526315796,-1.1842105263157898,65,-2.4052631578947374,-0.5789473684210527,-0.45263157894736894,98,1.3736842105263158,2.2210526315789476,1.3526315789473684,129,7.068421052631578,5.373684210526315,4.863157894736841,160,11.857894736842104,9.589473684210525,9.56315789473684,192,12.78421052631579,11.931578947368422,14.76842105263158,224,6.126315789473684,7.536842105263158,14.989473684210527,256,2.231578947368424,4.400000000000004,8.531578947368427,289,-2.1894736842105265,-0.33157894736842186,-1.368421052631584,335,-1.5263157894736854,-1.184210526315789,-6.768421052631576,367,-0.4947368421052638,-1.4842105263157896,-10.178947368421051,398,2.173684210526315,0.1789473684210523,-10.831578947368422,430,6.578947368421053,3.6000000000000005,-7.863157894736842,461,10.600000000000001,6.747368421052633,-3.115789473684208,492,13.247368421052633,11.678947368421056,4.636842105263163,525,12.784210526315794,13.92105263157895,11.026315789473681,555,5.447368421052635,10.142105263157896,15.336842105263159,587,1.3631578947368381,7.421052631578942,12.205263157894729,619,-1.3000000000000003,4.2,7.6,650
"w",667,117.26305187427263,6.1717395723301385,16.347368421052636,15.510526315789473,21.121052631578948,0,0,0,67,-0.12105263157894736,-1.6368421052631579,-1.7263157894736842,102,-0.8263157894736841,-3.8052631578947373,-3.131578947368422,138,-0.43157894736842095,-0.21052631578947345,1.4789473684210526,172,4.521052631578946,4.852631578947367,6.3736842105263145,207,8.663157894736843,9.342105263157897,11.684210526315791,242,7.842105263157895,10.24736842105263,14.405263157894737,278,3.084210526315791,7.447368421052632,12.889473684210529,313,-2.5368421052631556,3.3842105263157913,8.510526315789477,348,-5.636842105263157,0.4578947368421069,3.331578947368425,383,-6.921052631578949,-1.3421052631578956,-1.4894736842105294,418,-6.542105263157895,-2.0842105263157897,-4.805263157894738,454,-4.38421052631579,-1.6947368421052635,-6.1684210526315795,488,-1.1052631578947374,-0.3473684210526322,-3.9631578947368427,523,6.321052631578944,6.089473684210523,3.2894736842105203,558,9.426315789473685,11.705263157894736,12.542105263157893,594,4.642105263157901,10.173684210526318,14.952631578947367,629,-2.352631578947371,5.46315789473684,13.478947368421052,664,-5.205263157894735,2.1157894736842136,8.942105263157902,698,-6.4,-1.6000000000000005,3.6,734
"w",717,125.81423435337446,6.62180180807234,14.442105263157895,15.989473684210534,26.28421052631579,0,0,0,34,-0.3631578947368421,-1.3526315789473689,-2.147368421052632,71,-1.5947368421052635,-3.752631578947369,-3.1842105263157894,108,-3.2157894736842105,-3.4157894736842103,-0.5210526315789468,145,-1.3894736842105253,0.6315789473684226,3.457894736842106,181,3.157894736842105,5.768421052631579,7.2,219,8.73157894736842,11.257894736842108,15.663157894736843,256,4.694736842105264,8.389473684210529,17.368421052631582,293,0.19473684210525954,3.7894736842105226,9.326315789473679,329,-3.1631578947368433,-0.510526315789475,0.8894736842105246,365,-4.46842105263158,-2.421052631578948,-5.410526315789473,405,-3.994736842105263,-3.1578947368421044,-8.915789473684208,440,-2.3421052631578934,-2.4105263157894727,-8.505263157894737,476,3.778947368421052,3.9842105263157874,-2.886579864025407e-15,525,6.642105263157893,10.647368421052626,8.52631578947368,567,5.773684210526323,12.236842105263165,13.278947368421052,604,0.31052631578946843,7.07368421052631,12.499999999999995,640,-2.931578947368426,2.889473684210519,5.563157894736831,677,-5.710526315789474,-1.5052631578947384,0.45789473684210336,714,-5.6,-2.8,-1.0999999999999999,751
"w",650,121.5581363486671,6.397796649929847,16.1,15.400000000000002,25.1,0,0,0,34,-1,-1.0000000000000004,-0.8999999999999999,67,-2.3,-1.7000000000000006,-0.29999999999999993,101,0.3999999999999999,1.9,2.1,134,6.7,8.200000000000001,8,185,10.6,12.5,13.200000000000001,218,6.5,9.5,15.3,251,2.7,6.4,10.5,284,-0.5,3.2,3.0000000000000004,317,-3.1000000000000005,0.2999999999999998,-4.700000000000001,351,-2.7,-0.3999999999999999,-8.600000000000001,385,-2.2,-1.4,-9.8,418,0.2999999999999998,-0.6000000000000001,-9.700000000000001,451,5.6,3.9000000000000004,-6.5,484,11.1,12.3,3.3000000000000003,518,9.9,13.700000000000001,10.4,552,2.7,9.4,12.4,585,-0.6000000000000001,6.6,8.200000000000001,617,-3.3000000000000007,3.1,3.5000000000000004,651,-5,-1.4,-1,684
"w",633,119.66252690731172,6.298027731963774,14.989473684210523,15.642105263157898,22.584210526315793,0,0,0,34,-1.1368421052631579,-2.163157894736842,-2.1210526315789475,66,-1.6736842105263157,-3.989473684210526,-4.610526315789473,97,-4.08421052631579,-4.7210526315789485,-3.678947368421053,129,1.3263157894736817,0.9684210526315769,1.226315789473683,170,6.778947368421052,5.363157894736841,5.394736842105262,209,8.942105263157893,9.436842105263159,9.5,240,7.784210526315789,9.321052631578947,12.463157894736844,272,1.505263157894739,4.315789473684212,13.13684210526316,304,-1.9736842105263208,1.2842105263157833,7.7526315789473585,335,-6.04736842105263,-3.9263157894736826,-2.384210526315784,366,-4.905263157894739,-3.510526315789475,-7.484210526315788,398,-2.4684210526315797,-1.9105263157894739,-9.447368421052634,430,2.9842105263157905,2.2789473684210537,-6.700000000000001,472,7.526315789473685,7.610526315789476,1.7736842105263197,510,8.51578947368421,10.92105263157895,7.173684210526318,542,6.078947368421058,10.305263157894743,10.205263157894734,573,0.4684210526315824,5.052631578947371,11.131578947368423,604,-3.963157894736844,1.4157894736842083,9.199999999999996,637,-4.6,-0.19999999999999996,4.2,667
"w",633,131.65065354956744,6.928981765766707,14.073684210526316,16.947368421052634,28.7421052631579,0,0,0,34,-0.3894736842105264,-0.7631578947368423,-0.17368421052631577,66,-0.6789473684210527,-1.536842105263158,-1.2578947368421054,99,-1.4368421052631581,-3.4105263157894745,-3.2263157894736842,131,-1.5421052631578949,-5.789473684210527,-4,163,0.7578947368421051,-3.8842105263157904,0.5526315789473679,197,4.768421052631579,3.663157894736842,6.468421052631578,229,7.015789473684212,7.594736842105264,11.221052631578948,261,5.268421052631578,6.731578947368421,12.957894736842105,293,0.3263157894736822,2.784210526315788,10.989473684210525,326,-5.015789473684208,-2.7526315789473657,1.494736842105271,367,-6.247368421052631,-5.131578947368421,-8.405263157894742,408,-4.757894736842106,-3.8578947368421064,-12.273684210526316,440,-1.9368421052631615,-0.678947368421057,-9.952631578947374,472,4.089473684210528,6.647368421052633,-0.6947368421052611,505,7.473684210526317,11.157894736842106,10.04210526315789,537,3.6999999999999966,8.315789473684207,16.468421052631584,570,-5.073684210526318,-0.44736842105263586,13.689473684210514,604,-6.11578947368421,-2.631578947368422,5.731578947368417,635,-6.6,-3.5,-0.6000000000000001,667
"w",616,144.7395352910614,7.617870278476916,19.82105263157895,15.921052631578945,31.963157894736845,0,0,0,34,0.3210526315789475,-0.23684210526315752,-1.331578947368421,65,-1.2052631578947364,-3.3947368421052624,-4.6,110,-1.5842105263157897,-2.0684210526315794,-0.35263157894736885,145,2.6105263157894725,3.3105263157894727,4.784210526315789,177,4.989473684210527,7.652631578947368,9.968421052631577,209,3.742105263157895,8.684210526315791,15.647368421052633,240,-2.46842105263158,4.947368421052632,18.057894736842105,272,-6.363157894736842,2.073684210526317,12.368421052631582,304,-6.94736842105263,0.16315789473684106,4.757894736842099,335,-5.05263157894737,-1.068421052631578,-3.768421052631572,366,-3.121052631578949,-1.147368421052632,-8.999999999999996,397,-0.10000000000000075,-0.5578947368421052,-12.110526315789475,430,3.9000000000000004,1.3947368421052637,-10.8,461,7.563157894736845,3.8947368421052646,-6.099999999999997,492,11.821052631578949,7.968421052631582,2.5736842105263227,524,11.13684210526316,12.521052631578945,10.763157894736835,555,4.184210526315797,10.442105263157904,19.85263157894737,588,-6.315789473684214,-0.5473684210526355,12.178947368421035,619,-8,-3.4,1.6,650
"w",550,88.8573554420332,4.676702918001747,11.384210526315789,14.615789473684211,23.263157894736842,0,0,0,34,-0.4157894736842107,-1.0894736842105268,-1.2631578947368423,64,-1.236842105263158,-1.7947368421052627,-0.5578947368421052,92,-2.457894736842105,-2.452631578947369,-0.15263157894736867,121,-0.3105263157894731,-0.19473684210526265,1.821052631578948,150,3.4631578947368418,3.9368421052631577,5.136842105263158,180,4.626315789473685,6.347368421052631,8.968421052631578,208,5.51578947368421,8.663157894736841,13.4,237,2.736842105263156,6.584210526315788,13.031578947368422,266,0.44210526315789433,3.9526315789473685,7.7368421052631575,295,-0.9736842105263159,1.7315789473684213,1.7842105263157901,324,-0.44736842105263186,0.2684210526315791,-3.8210526315789455,353,0,-0.5052631578947362,-7.299999999999999,381,0.563157894736841,-0.2789473684210537,-9.863157894736842,411,2.14736842105263,1.415789473684209,-9.215789473684213,440,4.494736842105266,3.9421052631578988,-6.710526315789469,469,7.778947368421055,9.10526315789474,0.17368421052632077,498,8.926315789473684,12.163157894736843,6.942105263157898,526,5.357894736842104,10.794736842105262,11.894736842105265,555,0.3999999999999999,6.9,13.100000000000001,584
"w",632,91.41748134718884,4.81144638669415,11.900000000000002,11.3,26.300000000000004,0,0,0,35,-0.9000000000000001,-1.4000000000000004,-1.1,68,-1.2,-1.7999999999999998,-0.7999999999999998,101,0.19999999999999996,0.2999999999999998,1.2000000000000002,134,2.5,3.8000000000000003,4.300000000000001,167,3.9000000000000004,6.1000000000000005,6.4,201,4,7.9,14.5,234,2.1,7.2,18.400000000000002,267,0.19999999999999996,5.800000000000001,15.2,301,-0.8,4,8.9,334,-0.6000000000000003,2.7,2,368,-0.30000000000000004,1.4,-3.1000000000000005,401,0.5,0.8999999999999999,-6.3999999999999995,434,2.1,1,-7.900000000000001,468,4.5,1.9000000000000001,-7.3,501,7.6000000000000005,4.7,-3.3,534,9.700000000000001,8.100000000000001,1.5,567,5.8,9.5,10,603,1.6,7.2,13.600000000000001,634,-2.2,4.6000000000000005,10.3,667
"w",566,85.74443142447132,4.512864811814279,11.50526315789474,13.389473684210529,22.88947368421053,0,0,0,35,1.2947368421052632,0.8894736842105262,1.1473684210526316,64,1.2,1.7684210526315791,0.836842105263158,93,4.610526315789474,5.931578947368421,4.052631578947368,138,5.873684210526316,7.747368421052633,7.08421052631579,168,7.98421052631579,10.057894736842105,12.542105263157895,196,7.18421052631579,10.621052631578948,12.305263157894737,225,3.93684210526316,8.415789473684212,10.95263157894737,254,0.3894736842105253,5.468421052631578,6.057894736842103,283,-0.8894736842105266,4.031578947368421,1.121052631578947,312,-1.4368421052631581,3.015789473684211,-3.4473684210526314,341,-1.0263157894736845,2.6999999999999997,-6.778947368421052,371,0.10526315789473584,2.952631578947368,-9.647368421052631,399,1.4947368421052616,3.905263157894736,-9.92105263157895,428,4.42631578947368,5.768421052631576,-7.200000000000005,456,7.873684210526319,9.015789473684215,-3.5315789473684167,487,10.068421052631582,13.389473684210529,5.2631578947368505,515,7.889473684210525,12.663157894736841,11.410526315789475,544,3.647368421052631,9.705263157894738,12.968421052631578,572,0.7999999999999998,7.6,11,601
"w",633,94.17224179236572,4.9564337785455646,8.421052631578947,10.689473684210526,25.83684210526316,0,0,0,34,1.105263157894737,1.1842105263157898,0.10526315789473684,83,0.3526315789473684,1.0105263157894737,0.22631578947368436,115,2.1263157894736846,3.378947368421053,2.9105263157894736,147,3.0947368421052635,5.310526315789474,6.605263157894738,180,6.057894736842105,9.052631578947368,14.6,214,4.715789473684211,7.747368421052633,12.894736842105264,245,3.0789473684210527,5.778947368421052,5.705263157894736,278,1.4842105263157894,3.868421052631579,-3.573684210526318,310,1.3421052631578947,3.336842105263158,-9.300000000000002,343,1.289473684210526,2.947368421052632,-11.236842105263158,375,3.1631578947368437,4.478947368421054,-10.257894736842102,407,5.352631578947369,6.615789473684211,-5.336842105263159,440,7.921052631578947,10.310526315789472,3.726315789473677,472,6.905263157894737,10.689473684210526,8.589473684210528,504,3.942105263157897,9.610526315789475,11.126315789473685,538,1.2052631578947366,7.673684210526316,10.047368421052632,570,0.5,6.368421052631579,6.589473684210521,604,0.7105263157894743,4.899999999999998,-0.33157894736842486,635,-0.5,4.300000000000001,-4.9,667
"w",584,116.67462368981921,6.1407696678852215,11.27894736842105,11.910526315789472,31.447368421052637,0,0,0,34,-0.13684210526315788,-0.4526315789473685,-1.189473684210526,64,0.7210526315789472,0.757894736842105,0.331578947368421,96,3.7368421052631575,4.0473684210526315,3.1473684210526316,126,5.473684210526316,6.421052631578947,7.421052631578948,157,5.7,7.526315789473685,12.563157894736843,188,4.805263157894737,7.336842105263159,14.810526315789474,219,1.8473684210526307,5.21578947368421,11.231578947368419,249,0.605263157894737,3.3631578947368426,4.831578947368423,281,-0.20000000000000018,1.310526315789474,-8.921052631578942,311,0.4210526315789487,1.5368421052631587,-15.089473684210532,342,3.631578947368422,4.15263157894737,-13.784210526315789,372,8.552631578947368,8.910526315789472,-6.021052631578951,403,11.078947368421051,11.457894736842103,4.394736842105255,433,8.7,11.405263157894737,14.110526315789478,464,4.310526315789473,9.042105263157895,16.357894736842105,495,2.315789473684211,7.373684210526317,12.326315789473686,525,1.4052631578947374,5.378947368421054,6.263157894736849,557,1.7315789473684204,4.65263157894737,-0.0736842105263078,588,0.7999999999999998,3.2,-4,618
"w",833,61.64992113057147,3.244732691082709,6.468421052631579,10.942105263157895,15.026315789473687,0,0,0,35,0.631578947368421,1.0631578947368423,-0.1473684210526317,77,0.005263157894736636,1.7368421052631584,-0.8157894736842105,120,3.257894736842105,5.605263157894737,1.6105263157894734,163,4.442105263157895,7.594736842105264,5.305263157894737,206,3.731578947368421,8.089473684210528,6.210526315789474,249,2.3578947368421055,7.5578947368421066,5.921052631578949,292,1.394736842105263,7.094736842105264,3.357894736842104,352,1.0105263157894737,6.4105263157894745,1.394736842105263,395,0.5789473684210529,5.094736842105265,-1.2105263157894726,438,0.7578947368421056,4.063157894736842,-3.1526315789473696,480,0.8,3.1263157894736846,-5.121052631578948,524,0.22105263157894806,2.4210526315789482,-6.8578947368421055,567,0.8842105263157904,3.3368421052631594,-6.715789473684209,609,3.5263157894736876,6.857894736842111,-3.5578947368420986,653,5.468421052631579,9.978947368421053,2.978947368421048,696,4.4526315789473685,10.942105263157895,7.331578947368422,738,1.1421052631578923,9.210526315789473,8.168421052631581,781,-0.25789473684210584,6.905263157894739,5.268421052631583,825,-1,3.9000000000000004,0.19999999999999996,868
"w",950,57.00969854714995,3.0005104498499975,10.252631578947366,6.810526315789474,11.626315789473683,0,0,0,35,-0.1842105263157896,-0.6684210526315788,-0.42105263157894735,82,-0.0631578947368423,-0.7631578947368423,0.2789473684210526,130,0.29999999999999993,-0.09473684210526301,0.34210526315789447,177,1.189473684210526,1.226315789473684,2.3368421052631576,236,2.3210526315789473,2.7210526315789476,4.289473684210527,305,3.094736842105263,4.447368421052633,6.863157894736845,352,2.084210526315789,5.331578947368421,8.978947368421053,400,-1.757894736842105,3.4368421052631586,7.98421052631579,448,-4.847368421052631,0.5368421052631589,4.389473684210529,494,-5.273684210526316,-0.8421052631578949,1.1631578947368413,542,-4.336842105263158,-1.226315789473684,-0.8684210526315794,590,-2.7263157894736825,-1.4789473684210523,-2.6473684210526303,637,-0.342105263157896,-0.9105263157894743,-2.394736842105263,684,2.6684210526315804,0.6526315789473692,-1.4210526315789476,731,4.978947368421051,2.831578947368418,1.4736842105263104,789,4.221052631578948,4.336842105263158,5.51578947368421,843,1.089473684210524,4.505263157894737,8.363157894736842,890,-1.9736842105263133,3.5736842105263182,8.836842105263159,938,-3.6000000000000005,0.8,7.6000000000000005,985
"w",1068,65.44399043995745,3.4444205494714444,10.75263157894737,8.11578947368421,13.710526315789476,0,0,0,34,-0.9578947368421054,-1.0947368421052635,-1.6684210526315788,89,-0.44736842105263164,-0.6473684210526316,-1.1,146,0.9789473684210528,1.273684210526316,0.547368421052632,200,2.3263157894736843,2.9315789473684215,2.6684210526315795,256,2.2,3.9315789473684206,4.815789473684211,311,-0.2578947368421055,4.300000000000001,6.457894736842105,382,-2.7210526315789476,3.0210526315789474,6.157894736842105,439,-2.8473684210526318,3,5.589473684210526,493,-3.468421052631579,1.8631578947368426,3.4631578947368427,548,-4.11578947368421,0.20526315789473837,1.3210526315789488,604,-4.752631578947369,-1.7473684210526317,-2.042105263157895,659,-3.584210526315789,-2.1,-3.915789473684212,714,0.5684210526315837,0.015789473684213684,-1.7736842105263124,770,4.5368421052631565,3.3210526315789455,1.915789473684207,825,5.052631578947368,6.01578947368421,6.63157894736842,881,0.8210526315789451,4.878947368421052,9.794736842105264,936,-3.7421052631578986,3.4052631578947343,8.878947368421052,990,-5.7,1.1947368421052638,5.784210526315792,1046,-4.800000000000001,-1.4,1.9000000000000001,1102