{
    "per_feature": {
        "p2_t": {
            "stats": {
                "min": 82.0,
                "average": 122.84042553191489,
                "median": 115.0,
                "max": 188.0,
                "p99": 188.0,
                "std": 27.392135749010965
            },
            "missing_impute_with_value": 122.84042553191489
        },
        "p10_t": {
            "stats": {
                "min": 510.0,
                "average": 639.936170212766,
                "median": 625.0,
                "max": 869.0,
                "p99": 858.77,
                "std": 76.32623930654773
            },
            "missing_impute_with_value": 639.936170212766
        },
        "p12_t": {
            "stats": {
                "min": 606.0,
                "average": 762.5851063829788,
                "median": 747.5,
                "max": 1032.0,
                "p99": 1002.2399999999998,
                "std": 90.67161706612724
            },
            "missing_impute_with_value": 762.5851063829788
        },
        "p2_x": {
            "stats": {
                "min": -0.8473684210526317,
                "average": 0.10139977603583429,
                "median": 0.0763157894736841,
                "max": 1.1789473684210527,
                "p99": 1.0859473684210519,
                "std": 0.3629492404625797
            },
            "missing_impute_with_value": 0.10139977603583429
        },
        "p6_t": {
            "stats": {
                "min": 276.0,
                "average": 387.09574468085106,
                "median": 385.5,
                "max": 540.0,
                "p99": 538.14,
                "std": 51.65977806639896
            },
            "missing_impute_with_value": 387.09574468085106
        },
        "p10_y": {
            "stats": {
                "min": -3.173684210526316,
                "average": 0.5315229563269878,
                "median": 0.9105263157894737,
                "max": 6.042105263157895,
                "p99": 4.206578947368408,
                "std": 1.8883162444016168
            },
            "missing_impute_with_value": 0.5315229563269878
        },
        "p10_x": {
            "stats": {
                "min": -4.210526315789474,
                "average": -1.283818589025756,
                "median": -1.173684210526317,
                "max": 3.747368421052633,
                "p99": 1.6475263157894586,
                "std": 1.361217651804359
            },
            "missing_impute_with_value": -1.283818589025756
        },
        "p14_t": {
            "stats": {
                "min": 716.0,
                "average": 892.7553191489362,
                "median": 868.0,
                "max": 1211.0,
                "p99": 1146.8299999999995,
                "std": 103.70415802057923
            },
            "missing_impute_with_value": 892.7553191489362
        },
        "p4_t": {
            "stats": {
                "min": 180.0,
                "average": 255.06382978723406,
                "median": 249.0,
                "max": 403.0,
                "p99": 366.72999999999973,
                "std": 40.1681435084689
            },
            "missing_impute_with_value": 255.06382978723406
        },
        "p12_y": {
            "stats": {
                "min": -3.5263157894736845,
                "average": 0.2714445688689811,
                "median": 0.29210526315789537,
                "max": 5.752631578947369,
                "p99": 3.6381052631578794,
                "std": 1.7350165311673553
            },
            "missing_impute_with_value": 0.2714445688689811
        },
        "p10_z": {
            "stats": {
                "min": -2.2,
                "average": 0.6673012318029113,
                "median": 0.5973684210526315,
                "max": 6.215789473684211,
                "p99": 3.7977894736841926,
                "std": 1.4541706437849364
            },
            "missing_impute_with_value": 0.6673012318029113
        },
        "p12_x": {
            "stats": {
                "min": -5.4,
                "average": -0.9984322508398659,
                "median": -0.9000000000000001,
                "max": 1.5263157894736823,
                "p99": 1.3501052631578936,
                "std": 1.213697730405904
            },
            "missing_impute_with_value": -0.9984322508398659
        },
        "p16_t": {
            "stats": {
                "min": 811.0,
                "average": 1015.9255319148937,
                "median": 983.0,
                "max": 1391.0,
                "p99": 1322.1799999999994,
                "std": 117.85440620334047
            },
            "missing_impute_with_value": 1015.9255319148937
        },
        "p4_z": {
            "stats": {
                "min": -3.110526315789474,
                "average": -0.22189249720044793,
                "median": -0.4473684210526318,
                "max": 2.6789473684210527,
                "p99": 2.536999999999999,
                "std": 1.2145687536874739
            },
            "missing_impute_with_value": -0.22189249720044793
        },
        "p6_x": {
            "stats": {
                "min": -2.3684210526315774,
                "average": 0.2096304591265398,
                "median": 0.31052631578947376,
                "max": 4.315789473684211,
                "p99": 2.739684210526305,
                "std": 1.1086800441618867
            },
            "missing_impute_with_value": 0.2096304591265398
        },
        "p14_y": {
            "stats": {
                "min": -3.8,
                "average": 0.8837066069428892,
                "median": 0.9000000000000001,
                "max": 5.889473684210526,
                "p99": 4.881157894736835,
                "std": 2.525388797710567
            },
            "missing_impute_with_value": 0.8837066069428892
        },
        "p4_y": {
            "stats": {
                "min": -3.1315789473684212,
                "average": -0.03040313549832029,
                "median": -0.25,
                "max": 3.6526315789473687,
                "p99": 3.305105263157892,
                "std": 1.5304487404636975
            },
            "missing_impute_with_value": -0.03040313549832029
        },
        "p12_z": {
            "stats": {
                "min": -4.0,
                "average": 0.32183650615901466,
                "median": 0.09473684210526485,
                "max": 4.59473684210526,
                "p99": 4.482157894736842,
                "std": 1.7133396319455703
            },
            "missing_impute_with_value": 0.32183650615901466
        },
        "p14_x": {
            "stats": {
                "min": -5.300000000000001,
                "average": -1.246248600223964,
                "median": -0.7921052631578946,
                "max": 2.152631578947367,
                "p99": 1.4526842105263107,
                "std": 1.5842717006429081
            },
            "missing_impute_with_value": -1.246248600223964
        },
        "p18_t": {
            "stats": {
                "min": 922.0,
                "average": 1142.3617021276596,
                "median": 1097.5,
                "max": 1571.0,
                "p99": 1498.4599999999996,
                "std": 135.09143467223518
            },
            "missing_impute_with_value": 1142.3617021276596
        },
        "p2_z": {
            "stats": {
                "min": -1.5105263157894737,
                "average": -0.040257558790593506,
                "median": -0.23421052631578942,
                "max": 2.6157894736842104,
                "p99": 2.464052631578946,
                "std": 0.9629872367284691
            },
            "missing_impute_with_value": -0.040257558790593506
        },
        "p4_x": {
            "stats": {
                "min": -1.6210526315789475,
                "average": 0.437010078387458,
                "median": 0.40263157894736845,
                "max": 2.0842105263157897,
                "p99": 1.8541578947368407,
                "std": 0.6076505913210738
            },
            "missing_impute_with_value": 0.437010078387458
        },
        "p8_t": {
            "stats": {
                "min": 398.0,
                "average": 514.3404255319149,
                "median": 505.0,
                "max": 688.0,
                "p99": 682.42,
                "std": 62.778763821166066
            },
            "missing_impute_with_value": 514.3404255319149
        },
        "p16_y": {
            "stats": {
                "min": -4.657894736842106,
                "average": 0.27385218365061603,
                "median": -0.7657894736842097,
                "max": 5.594736842105262,
                "p99": 5.413631578947367,
                "std": 2.7508447945575694
            },
            "missing_impute_with_value": 0.27385218365061603
        },
        "p2_y": {
            "stats": {
                "min": -2.0999999999999996,
                "average": -0.17581187010078383,
                "median": -0.4131578947368422,
                "max": 2.0631578947368423,
                "p99": 2.0386842105263154,
                "std": 0.9481843682181034
            },
            "missing_impute_with_value": -0.17581187010078383
        },
        "p14_z": {
            "stats": {
                "min": -4.847368421052632,
                "average": 0.8779395296752517,
                "median": 1.4815789473684209,
                "max": 7.147368421052633,
                "p99": 6.961368421052629,
                "std": 2.624374890468189
            },
            "missing_impute_with_value": 0.8779395296752517
        },
        "p16_x": {
            "stats": {
                "min": -5.273684210526317,
                "average": -2.0438409854423294,
                "median": -2.063157894736842,
                "max": 1.4894736842105276,
                "p99": 1.3328421052631576,
                "std": 1.3619264689135584
            },
            "missing_impute_with_value": -2.0438409854423294
        },
        "p18_y": {
            "stats": {
                "min": -3.9736842105263177,
                "average": -0.4249160134378499,
                "median": -0.5526315789473687,
                "max": 3.031578947368426,
                "p99": 2.439315789473683,
                "std": 1.2970257294012826
            },
            "missing_impute_with_value": -0.4249160134378499
        },
        "p16_z": {
            "stats": {
                "min": -4.636842105263159,
                "average": 1.2914333706606942,
                "median": 0.9289473684210535,
                "max": 8.110526315789475,
                "p99": 7.660210526315786,
                "std": 3.3182436264279933
            },
            "missing_impute_with_value": 1.2914333706606942
        },
        "p18_x": {
            "stats": {
                "min": -5.1000000000000005,
                "average": -1.6599104143337065,
                "median": -1.9263157894736835,
                "max": 3.0263157894736827,
                "p99": 1.890736842105255,
                "std": 1.5224964618529648
            },
            "missing_impute_with_value": -1.6599104143337065
        },
        "p18_z": {
            "stats": {
                "min": -3.494736842105262,
                "average": 0.33840985442329263,
                "median": 0.057894736842106234,
                "max": 5.857894736842107,
                "p99": 4.08110526315788,
                "std": 1.6848601304154813
            },
            "missing_impute_with_value": 0.33840985442329263
        },
        "duration_ms": {
            "stats": {
                "min": 966.0,
                "average": 1220.9148936170213,
                "median": 1183.5,
                "max": 1699.0,
                "p99": 1606.9299999999994,
                "std": 150.09585894543926
            },
            "missing_impute_with_value": 1220.9148936170213
        },
        "p9_y": {
            "stats": {
                "min": -3.0000000000000004,
                "average": 0.4786674132138857,
                "median": 0.35263157894736863,
                "max": 3.6789473684210527,
                "p99": 3.4782631578947356,
                "std": 1.4686177698388114
            },
            "missing_impute_with_value": 0.4786674132138857
        },
        "p7_z": {
            "stats": {
                "min": -6.405263157894738,
                "average": 0.46097424412094073,
                "median": 0.1842105263157892,
                "max": 8.231578947368419,
                "p99": 6.440105263157882,
                "std": 3.3083958682997627
            },
            "missing_impute_with_value": 0.46097424412094073
        },
        "p9_x": {
            "stats": {
                "min": -5.673684210526317,
                "average": -1.3730123180291156,
                "median": -1.452631578947368,
                "max": 4.731578947368421,
                "p99": 3.772210526315783,
                "std": 1.9784742830052466
            },
            "missing_impute_with_value": -1.3730123180291156
        },
        "range_z": {
            "stats": {
                "min": 1.9894736842105267,
                "average": 5.7795072788353865,
                "median": 5.810526315789474,
                "max": 12.621052631578948,
                "p99": 10.300947368421035,
                "std": 1.9720225365875732
            },
            "missing_impute_with_value": 5.7795072788353865
        },
        "p7_y": {
            "stats": {
                "min": -4.331578947368421,
                "average": 0.828275475923852,
                "median": 0.4526315789473683,
                "max": 7.378947368421052,
                "p99": 6.845421052631575,
                "std": 3.003091863182706
            },
            "missing_impute_with_value": 0.828275475923852
        },
        "p5_z": {
            "stats": {
                "min": -3.8894736842105266,
                "average": -0.0637737961926091,
                "median": -0.3263157894736842,
                "max": 5.731578947368422,
                "p99": 5.54557894736842,
                "std": 2.274935576588847
            },
            "missing_impute_with_value": -0.0637737961926091
        },
        "p7_x": {
            "stats": {
                "min": -5.06842105263158,
                "average": -0.5528555431131019,
                "median": -0.7394736842105262,
                "max": 4.178947368421054,
                "p99": 3.478999999999995,
                "std": 1.6102647669253771
            },
            "missing_impute_with_value": -0.5528555431131019
        },
        "p9_z": {
            "stats": {
                "min": -2.547368421052632,
                "average": 0.6034154535274356,
                "median": 0.5605263157894733,
                "max": 3.973684210526316,
                "p99": 3.905157894736842,
                "std": 1.5896012398262562
            },
            "missing_impute_with_value": 0.6034154535274356
        },
        "range_x": {
            "stats": {
                "min": 1.7578947368421054,
                "average": 4.275867861142218,
                "median": 4.036842105263158,
                "max": 7.6,
                "p99": 7.492315789473684,
                "std": 1.5302232070903863
            },
            "missing_impute_with_value": 4.275867861142218
        },
        "range_y": {
            "stats": {
                "min": 2.436842105263158,
                "average": 5.986842105263157,
                "median": 6.086842105263158,
                "max": 9.178947368421053,
                "p99": 9.066368421052632,
                "std": 1.5169997977920289
            },
            "missing_impute_with_value": 5.986842105263157
        },
        "p11_t": {
            "stats": {
                "min": 558.0,
                "average": 701.1702127659574,
                "median": 680.5,
                "max": 950.0,
                "p99": 930.4699999999998,
                "std": 83.40297798992944
            },
            "missing_impute_with_value": 701.1702127659574
        },
        "p1_t": {
            "stats": {
                "min": 20.0,
                "average": 47.98936170212766,
                "median": 42.5,
                "max": 134.0,
                "p99": 103.30999999999977,
                "std": 18.992072302434067
            },
            "missing_impute_with_value": 47.98936170212766
        },
        "p13_t": {
            "stats": {
                "min": 653.0,
                "average": 828.531914893617,
                "median": 810.0,
                "max": 1130.0,
                "p99": 1075.1299999999997,
                "std": 98.6635100622268
            },
            "missing_impute_with_value": 828.531914893617
        },
        "p1_y": {
            "stats": {}
        },
        "p11_x": {
            "stats": {
                "min": -4.005263157894737,
                "average": -1.1763157894736844,
                "median": -1.0421052631578942,
                "max": 2.3263157894736834,
                "p99": 0.9557894736842019,
                "std": 1.0101954720391852
            },
            "missing_impute_with_value": -1.1763157894736844
        },
        "p15_t": {
            "stats": {
                "min": 764.0,
                "average": 955.9787234042553,
                "median": 926.0,
                "max": 1309.0,
                "p99": 1235.5299999999995,
                "std": 110.80089463590184
            },
            "missing_impute_with_value": 955.9787234042553
        },
        "p1_x": {
            "stats": {}
        },
        "p5_t": {
            "stats": {
                "min": 227.0,
                "average": 322.02127659574467,
                "median": 323.0,
                "max": 471.0,
                "p99": 437.51999999999975,
                "std": 46.52897784174869
            },
            "missing_impute_with_value": 322.02127659574467
        },
        "p11_z": {
            "stats": {
                "min": -3.231578947368422,
                "average": 0.6492721164613658,
                "median": 0.7368421052631569,
                "max": 5.515789473684211,
                "p99": 4.404684210526308,
                "std": 1.7073707955646584
            },
            "missing_impute_with_value": 0.6492721164613658
        },
        "p13_x": {
            "stats": {
                "min": -5.989473684210526,
                "average": -0.9832026875699886,
                "median": -0.6921052631578946,
                "max": 1.5000000000000002,
                "p99": 1.2014210526315765,
                "std": 1.444720895257181
            },
            "missing_impute_with_value": -0.9832026875699886
        },
        "p17_t": {
            "stats": {
                "min": 875.0,
                "average": 1078.7446808510638,
                "median": 1039.5,
                "max": 1489.0,
                "p99": 1426.6899999999996,
                "std": 127.2478688728921
            },
            "missing_impute_with_value": 1078.7446808510638
        },
        "avg_step_length": {
            "stats": {
                "min": 0.7458799904134356,
                "average": 1.8867331462093075,
                "median": 1.9257256682036217,
                "max": 3.336080498062671,
                "p99": 3.028444044034909,
                "std": 0.5639838291863121
            },
            "missing_impute_with_value": 1.8867331462093075
        },
        "p3_t": {
            "stats": {
                "min": 131.0,
                "average": 190.32978723404256,
                "median": 181.0,
                "max": 320.0,
                "p99": 279.0799999999997,
                "std": 33.3896475804349
            },
            "missing_impute_with_value": 190.32978723404256
        },
        "p11_y": {
            "stats": {
                "min": -3.1736842105263157,
                "average": 0.35951847704367296,
                "median": 0.6368421052631565,
                "max": 4.705263157894738,
                "p99": 3.452210526315781,
                "std": 1.9304850996834788
            },
            "missing_impute_with_value": 0.35951847704367296
        },
        "p5_y": {
            "stats": {
                "min": -3.4894736842105267,
                "average": 0.45285554311310194,
                "median": -0.3421052631578946,
                "max": 6.047368421052632,
                "p99": 5.11247368421052,
                "std": 2.6430008960592946
            },
            "missing_impute_with_value": 0.45285554311310194
        },
        "p13_z": {
            "stats": {
                "min": -4.447368421052632,
                "average": 0.3759238521836507,
                "median": 0.3789473684210527,
                "max": 6.331578947368422,
                "p99": 5.000210526315783,
                "std": 2.069750057880168
            },
            "missing_impute_with_value": 0.3759238521836507
        },
        "p15_x": {
            "stats": {
                "min": -5.131578947368422,
                "average": -1.6489921612541991,
                "median": -1.5763157894736834,
                "max": 1.7315789473684213,
                "p99": 1.4868421052631569,
                "std": 1.4537908701729294
            },
            "missing_impute_with_value": -1.6489921612541991
        },
        "p19_t": {
            "stats": {
                "min": 970.0,
                "average": 1204.6382978723404,
                "median": 1159.5,
                "max": 1653.0,
                "p99": 1570.2299999999993,
                "std": 142.26779617794628
            },
            "missing_impute_with_value": 1204.6382978723404
        },
        "p3_z": {
            "stats": {
                "min": -2.636842105263158,
                "average": -0.24154535274356104,
                "median": -0.38947368421052636,
                "max": 4.689473684210526,
                "p99": 3.3434210526315695,
                "std": 1.1633898695165752
            },
            "missing_impute_with_value": -0.24154535274356104
        },
        "p5_x": {
            "stats": {
                "min": -1.7105263157894737,
                "average": 0.3685330347144457,
                "median": 0.31578947368421056,
                "max": 2.236842105263158,
                "p99": 2.1291578947368417,
                "std": 0.7060672416318851
            },
            "missing_impute_with_value": 0.3685330347144457
        },
        "p9_t": {
            "stats": {
                "min": 458.0,
                "average": 577.0531914893617,
                "median": 566.5,
                "max": 788.0,
                "p99": 771.2599999999999,
                "std": 69.17880323958966
            },
            "missing_impute_with_value": 577.0531914893617
        },
        "p13_y": {
            "stats": {
                "min": -3.5631578947368423,
                "average": 0.5362821948488241,
                "median": 0.5315789473684206,
                "max": 5.936842105263157,
                "p99": 5.344578947368417,
                "std": 1.767596128386114
            },
            "missing_impute_with_value": 0.5362821948488241
        },
        "p3_y": {
            "stats": {
                "min": -2.4000000000000004,
                "average": -0.3322508398656215,
                "median": -0.5973684210526318,
                "max": 2.8210526315789477,
                "p99": 2.2434736842105223,
                "std": 1.1479859072785399
            },
            "missing_impute_with_value": -0.3322508398656215
        },
        "p15_z": {
            "stats": {
                "min": -3.9,
                "average": 1.3031354983202688,
                "median": 1.444736842105263,
                "max": 7.2368421052631575,
                "p99": 7.011684210526311,
                "std": 3.174919709766541
            },
            "missing_impute_with_value": 1.3031354983202688
        },
        "p17_x": {
            "stats": {
                "min": -5.405263157894738,
                "average": -2.0495520716685327,
                "median": -2.071052631578948,
                "max": 1.5578947368421054,
                "p99": 0.8530526315789423,
                "std": 1.3463523266075457
            },
            "missing_impute_with_value": -2.0495520716685327
        },
        "p1_z": {
            "stats": {}
        },
        "p3_x": {
            "stats": {
                "min": -0.8947368421052633,
                "average": 0.2978163493840985,
                "median": 0.3131578947368421,
                "max": 2.5105263157894737,
                "p99": 1.5071052631578876,
                "std": 0.5330639321831092
            },
            "missing_impute_with_value": 0.2978163493840985
        },
        "p7_t": {
            "stats": {
                "min": 350.0,
                "average": 451.36170212765956,
                "median": 444.0,
                "max": 611.0,
                "p99": 606.3499999999999,
                "std": 56.99440664196318
            },
            "missing_impute_with_value": 451.36170212765956
        },
        "p15_y": {
            "stats": {
                "min": -4.168421052631579,
                "average": 0.8356662933930571,
                "median": 0.03684210526315823,
                "max": 6.415789473684211,
                "p99": 6.107421052631577,
                "std": 3.1240064483659724
            },
            "missing_impute_with_value": 0.8356662933930571
        },
        "p17_z": {
            "stats": {
                "min": -4.0052631578947375,
                "average": 0.6117021276595744,
                "median": 0.410526315789474,
                "max": 6.236842105263158,
                "p99": 5.757157894736838,
                "std": 2.3876332204154553
            },
            "missing_impute_with_value": 0.6117021276595744
        },
        "p19_x": {
            "stats": {
                "min": -4.336842105263156,
                "average": -1.2252519596864502,
                "median": -1.4210526315789473,
                "max": 2.936842105263158,
                "p99": 2.789999999999997,
                "std": 1.560515809248234
            },
            "missing_impute_with_value": -1.2252519596864502
        },
        "p17_y": {
            "stats": {
                "min": -5.0,
                "average": -0.35935050391937295,
                "median": -0.9447368421052635,
                "max": 5.1000000000000005,
                "p99": 4.003578947368414,
                "std": 1.891091633515184
            },
            "missing_impute_with_value": -0.35935050391937295
        },
        "p19_z": {
            "stats": {
                "min": -2.257894736842104,
                "average": 0.3609742441209402,
                "median": 0.326315789473685,
                "max": 4.4,
                "p99": 3.9594736842105243,
                "std": 1.3127095610940474
            },
            "missing_impute_with_value": 0.3609742441209402
        },
        "p19_y": {
            "stats": {
                "min": -2.8526315789473684,
                "average": -0.3273796192609185,
                "median": -0.5473684210526302,
                "max": 3.5736842105263165,
                "p99": 3.4366315789473685,
                "std": 1.3934399539640054
            },
            "missing_impute_with_value": -0.3273796192609185
        },
        "p20_t": {
            "stats": {
                "min": 1017.0,
                "average": 1268.904255319149,
                "median": 1218.0,
                "max": 1734.0,
                "p99": 1641.9299999999994,
                "std": 150.2388112699414
            },
            "missing_impute_with_value": 1268.904255319149
        },
        "p20_x": {
            "stats": {
                "min": -4.2,
                "average": -1.1074468085106381,
                "median": -1.2000000000000002,
                "max": 2.6,
                "p99": 2.6,
                "std": 1.2723054480171887
            },
            "missing_impute_with_value": -1.1074468085106381
        },
        "p20_z": {
            "stats": {
                "min": -2.9000000000000004,
                "average": 0.23617021276595748,
                "median": 0.0,
                "max": 3.6000000000000005,
                "p99": 3.2279999999999975,
                "std": 1.2095365738183592
            },
            "missing_impute_with_value": 0.23617021276595748
        },
        "p20_y": {
            "stats": {
                "min": -3.4,
                "average": -0.30000000000000004,
                "median": -0.6000000000000001,
                "max": 3.2,
                "p99": 3.0139999999999985,
                "std": 1.3959234042516928
            },
            "missing_impute_with_value": -0.30000000000000004
        },
        "label": {
            "stats": {}
        },
        "p8_z": {
            "stats": {
                "min": -4.031578947368421,
                "average": 0.5509518477043673,
                "median": 0.32105263157894726,
                "max": 6.657894736842105,
                "p99": 6.628526315789474,
                "std": 2.689051109103945
            },
            "missing_impute_with_value": 0.5509518477043673
        },
        "p8_y": {
            "stats": {
                "min": -4.826315789473685,
                "average": 0.5301791713325866,
                "median": 0.6789473684210527,
                "max": 4.863157894736843,
                "p99": 4.716315789473684,
                "std": 1.9283508560725557
            },
            "missing_impute_with_value": 0.5301791713325866
        },
        "p6_z": {
            "stats": {
                "min": -5.9,
                "average": 0.22597984322508394,
                "median": -0.09736842105263152,
                "max": 7.1000000000000005,
                "p99": 6.801421052631578,
                "std": 3.082445089877919
            },
            "missing_impute_with_value": 0.22597984322508394
        },
        "p8_x": {
            "stats": {
                "min": -5.4,
                "average": -1.1092945128779395,
                "median": -1.4131578947368424,
                "max": 5.5,
                "p99": 3.977736842105252,
                "std": 2.0005513232797036
            },
            "missing_impute_with_value": -1.1092945128779395
        },
        "p6_y": {
            "stats": {
                "min": -4.589473684210526,
                "average": 0.8736842105263158,
                "median": -0.034210526315789386,
                "max": 7.273684210526316,
                "p99": 7.024052631578946,
                "std": 3.278811787455475
            },
            "missing_impute_with_value": 0.8736842105263158
        },
        "total_path_length": {
            "stats": {
                "min": 14.171719817855276,
                "average": 35.84792977797685,
                "median": 36.58878769586882,
                "max": 63.38552946319075,
                "p99": 57.54043683666327,
                "std": 10.715692754539932
            },
            "missing_impute_with_value": 35.84792977797685
        }
    },
    "feature_order": [
        "p2_t",
        "p10_t",
        "p12_t",
        "p2_x",
        "p6_t",
        "p10_y",
        "p10_x",
        "p14_t",
        "p4_t",
        "p12_y",
        "p10_z",
        "p12_x",
        "p16_t",
        "p4_z",
        "p6_x",
        "p14_y",
        "p4_y",
        "p12_z",
        "p14_x",
        "p18_t",
        "p2_z",
        "p4_x",
        "p8_t",
        "p16_y",
        "p2_y",
        "p14_z",
        "p16_x",
        "p18_y",
        "p16_z",
        "p18_x",
        "p18_z",
        "duration_ms",
        "p9_y",
        "p7_z",
        "p9_x",
        "range_z",
        "p7_y",
        "p5_z",
        "p7_x",
        "p9_z",
        "range_x",
        "range_y",
        "p11_t",
        "p1_t",
        "p13_t",
        "p1_y",
        "p11_x",
        "p15_t",
        "p1_x",
        "p5_t",
        "p11_z",
        "p13_x",
        "p17_t",
        "avg_step_length",
        "p3_t",
        "p11_y",
        "p5_y",
        "p13_z",
        "p15_x",
        "p19_t",
        "p3_z",
        "p5_x",
        "p9_t",
        "p13_y",
        "p3_y",
        "p15_z",
        "p17_x",
        "p1_z",
        "p3_x",
        "p7_t",
        "p15_y",
        "p17_z",
        "p19_x",
        "p17_y",
        "p19_z",
        "p19_y",
        "p20_t",
        "p20_x",
        "p20_z",
        "p20_y",
        "label",
        "p8_z",
        "p8_y",
        "p6_z",
        "p8_x",
        "p6_y",
        "total_path_length"
    ]
}