{
  "trainedWithDSSVersion": "14.1.3",
  "backend": "PY_MEMORY",
  "isValid": true,
  "type": "MULTICLASS_PROBABILISTIC",
  "algorithm_name": "LOGISTIC",
  "columns": [
    "p2_t",
    "p10_t",
    "p12_t",
    "p2_x",
    "p6_t",
    "p10_y",
    "p10_x",
    "p14_t",
    "p4_t",
    "p12_y",
    "p10_z",
    "p12_x",
    "p16_t",
    "p4_z",
    "p6_x",
    "p14_y",
    "p4_y",
    "p12_z",
    "p14_x",
    "p18_t",
    "p2_z",
    "p4_x",
    "p8_t",
    "p16_y",
    "p2_y",
    "p14_z",
    "p16_x",
    "p18_y",
    "p16_z",
    "p18_x",
    "p18_z",
    "duration_ms",
    "p9_y",
    "p7_z",
    "p9_x",
    "range_z",
    "p7_y",
    "p5_z",
    "p7_x",
    "p9_z",
    "range_x",
    "range_y",
    "p11_t",
    "p1_t",
    "p13_t",
    "p11_x",
    "p15_t",
    "p5_t",
    "p11_z",
    "p13_x",
    "p17_t",
    "avg_step_length",
    "p3_t",
    "p11_y",
    "p5_y",
    "p13_z",
    "p15_x",
    "p19_t",
    "p3_z",
    "p5_x",
    "p9_t",
    "p13_y",
    "p3_y",
    "p15_z",
    "p17_x",
    "p3_x",
    "p7_t",
    "p15_y",
    "p17_z",
    "p19_x",
    "p17_y",
    "p19_z",
    "p19_y",
    "p20_t",
    "p20_x",
    "p20_z",
    "p20_y",
    "p8_z",
    "p8_y",
    "p6_z",
    "p8_x",
    "p6_y",
    "total_path_length"
  ],
  "classes": [
    "w",
    "m",
    "o"
  ]
}