{
    "explanations": {
        "w": {
            "p15_y": [
                -0.2577834563301654,
                -0.6247039029274473,
                -0.14931772100153837,
                -0.30565218377877834,
                -0.3751933196599651,
                -0.30038957441206293,
                -0.03430866896617491,
                -0.4476272909058693,
                0.5111731279895682,
                0.045393199348542565,
                -0.7540903773297282,
                0.4648827045668341,
                0.580339062499574,
                -0.3376633434317977,
                0.5007719961961444,
                -0.841179193390857,
                -0.03628107780483665,
                0.5263837087312777,
                0.5840445547117632,
                0.6312178747950453,
                0.03596884561828727,
                -0.7595855414801007
            ],
            "p2_z": [
                -0.020301071551384307,
                -0.17262560438752877,
                -0.3256305461730141,
                -0.27200071842866536,
                -0.06558458463329665,
                0.18362925466104127,
                0.023117873348409868,
                -0.1814324227598931,
                0.20562982444208205,
                -0.12179502149506634,
                -0.20337525625887928,
                0.10122516305344398,
                0.11217374265802875,
                0.1031032244243127,
                0.47923115268039573,
                -0.22002439126097745,
                0.12201392132964575,
                -0.0394336232401528,
                0.1409625540960813,
                0.004916069008511343,
                0.09848289783158734,
                -0.2019115327138636
            ],
            "p16_y": [
                -0.06381830176759545,
                -0.1425529296104873,
                -0.05252770578562721,
                -0.008438635623673084,
                -0.08666672642094096,
                -0.10956507259873452,
                -0.01396448887303257,
                -0.1245793883013243,
                0.06907218467725351,
                -0.03843815414803189,
                -0.11798335579649824,
                0.0669043958831067,
                0.09579095967709428,
                -0.0868338531946044,
                0.08290730580818925,
                -0.09341722750936297,
                -0.012918042285947652,
                0.07667221070241366,
                0.08988797379803795,
                0.09272823999259504,
                -0.04488143588853587,
                -0.11035060067263872
            ],
            "p15_z": [
                0.0011374996784050012,
                -0.28587440593261676,
                -0.21008033433385292,
                -0.22105100749712978,
                -0.27454856685991935,
                -0.059735894808400636,
                -0.03296195207004228,
                -0.2690705161874556,
                0.2839890276093037,
                0.05496663969510134,
                -0.26430417028424397,
                0.2289904893413148,
                0.12331146242566254,
                -0.05230455397042068,
                0.22016493831037467,
                -0.28296665368632484,
                -0.021087665276732996,
                0.2665206640938585,
                0.17278092765012606,
                0.34101458721152034,
                -0.09808470363345584,
                -0.27234292623036904
            ],
            "p6_y": [
                0.0,
                0.0,
                0.0,
                0.0,
                0.0,
                0.0,
                0.0,
                0.0,
                0.0,
                0.0,
                0.0,
                0.0,
                0.0,
                0.0,
                0.0,
                0.0,
                0.0,
                0.0,
                0.0,
                0.0,
                0.0,
                0.0
            ],
            "p17_z": [
                0.0,
                0.0,
                0.0,
                0.0,
                0.0,
                0.0,
                0.0,
                0.0,
                0.0,
                0.0,
                0.0,
                0.0,
                0.0,
                0.0,
                0.0,
                0.0,
                0.0,
                0.0,
                0.0,
                0.0,
                0.0,
                0.0
            ],
            "p16_z": [
                0.0,
                0.0,
                0.0,
                0.0,
                0.0,
                0.0,
                0.0,
                0.0,
                0.0,
                0.0,
                0.0,
                0.0,
                0.0,
                0.0,
                0.0,
                0.0,
                0.0,
                0.0,
                0.0,
                0.0,
                0.0,
                0.0
            ],
            "p13_z": [
                0.0,
                0.0,
                0.0,
                0.0,
                0.0,
                0.0,
                0.0,
                0.0,
                0.0,
                0.0,
                0.0,
                0.0,
                0.0,
                0.0,
                0.0,
                0.0,
                0.0,
                0.0,
                0.0,
                0.0,
                0.0,
                0.0
            ],
            "p14_y": [
                0.0,
                0.0,
                0.0,
                0.0,
                0.0,
                0.0,
                0.0,
                0.0,
                0.0,
                0.0,
                0.0,
                0.0,
                0.0,
                0.0,
                0.0,
                0.0,
                0.0,
                0.0,
                0.0,
                0.0,
                0.0,
                0.0
            ],
            "p7_z": [
                0.0,
                0.0,
                0.0,
                0.0,
                0.0,
                0.0,
                0.0,
                0.0,
                0.0,
                0.0,
                0.0,
                0.0,
                0.0,
                0.0,
                0.0,
                0.0,
                0.0,
                0.0,
                0.0,
                0.0,
                0.0,
                0.0
            ],
            "p10_y": [
                -0.0258248735603757,
                -0.009134384331964368,
                -0.04088165896459884,
                -0.033888080096121896,
                -0.017879988517080152,
                -0.007483311046844455,
                -0.02672301500254103,
                -0.04468972881380427,
                0.022896311800007212,
                -0.028905673524961605,
                -0.021946907820413752,
                0.03296111883276804,
                0.023963376307399507,
                -0.017480577368751804,
                0.026116770383085675,
                -0.040420202066255184,
                -0.021978804033091784,
                0.01908870648521888,
                0.029487213668605385,
                0.024848871737375825,
                0.054630970556900214,
                -0.03834615649824174
            ],
            "p14_x": [
                -0.09555654960226549,
                -0.020370881497259456,
                0.16326330712663617,
                0.021832750441533145,
                0.17256929612063654,
                -0.22608265864893712,
                -0.16032288684168763,
                0.060598070881650166,
                0.038125184836002475,
                -0.3228736469047903,
                0.039973645380543,
                -0.02108157650129125,
                0.136108381207267,
                -0.15812169058575753,
                0.21896472192630984,
                0.07741817613981036,
                -0.23958066277903087,
                0.23692177786293406,
                0.3690479209897131,
                0.0058689474981137,
                0.37295554970655576,
                0.13205180614689266
            ],
            "p8_x": [
                -0.09952822147526773,
                0.0398258727468861,
                0.015280313977461107,
                0.043942632431183314,
                0.009895949955717147,
                -0.1112652006461982,
                -0.1011857409990755,
                0.03734547060328971,
                0.11809945639320799,
                -0.06577475449689008,
                0.0028427217657644465,
                0.11957248690153902,
                0.08861802442545774,
                -0.08140543288786535,
                0.08423764238966457,
                0.015943245789777485,
                -0.06955304535027354,
                -0.033636420402132564,
                0.047218926509990246,
                -0.06318171174672943,
                -0.08482761041333456,
                0.049636841563812144
            ],
            "p14_z": [
                0.020100230094608644,
                -0.15106452008295873,
                -0.0861523396471848,
                -0.09394551232635366,
                -0.13626104785280221,
                0.003711046406217021,
                -0.004460814604911753,
                -0.12811919096839688,
                0.12170466811975043,
                -0.000189516986819345,
                -0.15054009728885553,
                0.07825767899536853,
                0.04882343814227265,
                -0.0064589742699000694,
                0.04074355383264229,
                -0.16156240603448568,
                0.012684954315760931,
                0.12099024586846555,
                -0.011693088342164759,
                0.12753868502490381,
                0.1406649053490093,
                -0.1659787583355691
            ],
            "p19_x": [
                -0.005860456902042425,
                0.0020180917949447147,
                0.0005359124062206603,
                0.0018704020972385715,
                0.00027933548782202406,
                -0.0074164184106040405,
                -0.004908611016002276,
                0.001708507785106663,
                0.010077040400531484,
                -0.0010366810190064906,
                0.001692887675008608,
                0.006698653269470307,
                0.0037258837826562433,
                -0.007253897727099772,
                0.008198695219515256,
                0.0019564477771107864,
                -0.005351425743260794,
                0.0033166908462870727,
                -0.014792934755416874,
                -0.0006865352762266946,
                -0.005719408595740994,
                0.0007831811455913171
            ],
            "p6_z": [
                0.0,
                0.0,
                0.0,
                0.0,
                0.0,
                0.0,
                0.0,
                0.0,
                0.0,
                0.0,
                0.0,
                0.0,
                0.0,
                0.0,
                0.0,
                0.0,
                0.0,
                0.0,
                0.0,
                0.0,
                0.0,
                0.0
            ],
            "total_path_length": [
                -0.1545883899081463,
                0.01797799174233749,
                0.04200148961876136,
                0.013280590093182307,
                0.04649015878121524,
                -0.12972497056541127,
                -0.17688937191829396,
                0.02763230942438479,
                0.21018876746200546,
                -0.0947056546522325,
                0.0009628802241147319,
                0.10719988938384256,
                0.022778199519048407,
                -0.15587118433482272,
                0.31504682332629114,
                0.0665550529085052,
                -0.17333360442438903,
                0.06744946309826302,
                0.15482286359607672,
                0.17932689141014863,
                0.19480594403437126,
                0.03435585135852582
            ],
            "avg_step_length": [
                -0.0028427200497707144,
                9.367986223500506e-05,
                0.000516851125738324,
                2.4105603576338324e-05,
                0.0006369384286078569,
                -0.002593646379299089,
                -0.003290368187938431,
                0.00027635283885600354,
                0.0033276719966830767,
                -0.00196346756964145,
                -0.00019394738940498997,
                0.0016010252622167766,
                0.0001465133266669979,
                -0.002968042076752197,
                0.005084478916932619,
                0.0009482375537889833,
                -0.0033478045622383715,
                0.0009653582282092111,
                0.002536498778952582,
                0.002969899788333241,
                0.0032225144871122526,
                0.00040789417399717426
            ],
            "p3_y": [
                0.0,
                0.0,
                0.0,
                0.0,
                0.0,
                0.0,
                0.0,
                0.0,
                0.0,
                0.0,
                0.0,
                0.0,
                0.0,
                0.0,
                0.0,
                0.0,
                0.0,
                0.0,
                0.0,
                0.0,
                0.0,
                0.0
            ],
            "p2_y": [
                0.0,
                0.0,
                0.0,
                0.0,
                0.0,
                0.0,
                0.0,
                0.0,
                0.0,
                0.0,
                0.0,
                0.0,
                0.0,
                0.0,
                0.0,
                0.0,
                0.0,
                0.0,
                0.0,
                0.0,
                0.0,
                0.0
            ]
        },
        "m": {
            "p15_y": [
                0.1363819587469793,
                0.3505429488763167,
                0.14446972836773156,
                0.21120370808224015,
                0.25889301819823823,
                0.14192767681168042,
                0.06470973357418439,
                0.27885682070963264,
                -0.32702004865939943,
                0.036739631813982904,
                0.38843223133121035,
                -0.2775323051835959,
                -0.3591059760448563,
                0.15756170061652724,
                -0.34591588898714215,
                0.43884547341789576,
                0.06507480118707404,
                -0.32958710392885177,
                -0.4132731119004722,
                -0.37939043384403326,
                0.0025477450759742123,
                0.4404708126704824
            ],
            "p2_z": [
                0.14979120842168475,
                0.3121089558250337,
                0.5199144174263937,
                0.47628943195501855,
                0.13653484163189786,
                -0.5027484315093703,
                0.02359599989513984,
                0.32648473386170035,
                -0.34014414033468615,
                0.4449862893451587,
                0.3658838832761912,
                -0.10937408124015116,
                -0.13772187811811554,
                -0.21356985392395733,
                -0.8361962756593361,
                0.37750260785855766,
                -0.29014293850826217,
                0.1944602361045801,
                -0.16837539401185292,
                0.1386277997463106,
                -0.11237973251726541,
                0.3378130847204019
            ],
            "p16_y": [
                0.028040959298658172,
                0.07070762302320464,
                0.03995641783818947,
                0.015097008547282529,
                0.05544165897904297,
                0.037822280271693244,
                0.013871063480918292,
                0.06726567744268165,
                -0.038150558968685536,
                0.02062706290758753,
                0.05641741428776765,
                -0.03658005232337562,
                -0.0524495633581212,
                0.033236564375988126,
                -0.04659254928552837,
                0.05028738640615491,
                0.013190498795490103,
                -0.040769186232939264,
                -0.05278848049413899,
                -0.04584702742967932,
                0.033101067214435835,
                0.06379480419200581
            ],
            "p15_z": [
                0.04852825252204181,
                0.47547339460970023,
                0.343420186806766,
                0.386407912881638,
                0.45315405455719593,
                0.2516489064796007,
                0.1521353149736513,
                0.4489322503463103,
                -0.5958850416386713,
                -0.10638609525286993,
                0.4504505233148263,
                -0.4521915828881496,
                -0.19955920311006659,
                0.21166499934766075,
                -0.39461247660074317,
                0.45617242906975874,
                0.12692710585612899,
                -0.5338661733290312,
                -0.24833255130152498,
                -0.8627730989438859,
                0.19836396095855877,
                0.4296217393935387
            ],
            "p6_y": [
                0.0,
                0.0,
                0.0,
                0.0,
                0.0,
                0.0,
                0.0,
                0.0,
                0.0,
                0.0,
                0.0,
                0.0,
                0.0,
                0.0,
                0.0,
                0.0,
                0.0,
                0.0,
                0.0,
                0.0,
                0.0,
                0.0
            ],
            "p17_z": [
                0.0,
                0.0,
                0.0,
                0.0,
                0.0,
                0.0,
                0.0,
                0.0,
                0.0,
                0.0,
                0.0,
                0.0,
                0.0,
                0.0,
                0.0,
                0.0,
                0.0,
                0.0,
                0.0,
                0.0,
                0.0,
                0.0
            ],
            "p16_z": [
                0.0,
                0.0,
                0.0,
                0.0,
                0.0,
                0.0,
                0.0,
                0.0,
                0.0,
                0.0,
                0.0,
                0.0,
                0.0,
                0.0,
                0.0,
                0.0,
                0.0,
                0.0,
                0.0,
                0.0,
                0.0,
                0.0
            ],
            "p13_z": [
                0.0,
                0.0,
                0.0,
                0.0,
                0.0,
                0.0,
                0.0,
                0.0,
                0.0,
                0.0,
                0.0,
                0.0,
                0.0,
                0.0,
                0.0,
                0.0,
                0.0,
                0.0,
                0.0,
                0.0,
                0.0,
                0.0
            ],
            "p14_y": [
                0.0,
                0.0,
                0.0,
                0.0,
                0.0,
                0.0,
                0.0,
                0.0,
                0.0,
                0.0,
                0.0,
                0.0,
                0.0,
                0.0,
                0.0,
                0.0,
                0.0,
                0.0,
                0.0,
                0.0,
                0.0,
                0.0
            ],
            "p7_z": [
                0.0,
                0.0,
                0.0,
                0.0,
                0.0,
                0.0,
                0.0,
                0.0,
                0.0,
                0.0,
                0.0,
                0.0,
                0.0,
                0.0,
                0.0,
                0.0,
                0.0,
                0.0,
                0.0,
                0.0,
                0.0,
                0.0
            ],
            "p10_y": [
                0.00910587867827497,
                0.006904711344168697,
                0.02401575225822894,
                0.017549033597636318,
                0.011744809290168646,
                0.0041223315371807,
                0.009997891028001192,
                0.021879118691261,
                -0.010039173273439598,
                0.010727927424911073,
                0.010965873349284954,
                -0.014923749044496127,
                -0.010549328311710675,
                0.006718132122394334,
                -0.01266101870006927,
                0.018568416716509387,
                0.008645504768836087,
                -0.008059962913423112,
                -0.015690946922582487,
                -0.009664085536272828,
                -0.030344670126855662,
                0.020124089879701608
            ],
            "p14_x": [
                -0.08201824664261345,
                -0.02125297926914521,
                0.26479753466326306,
                0.04881138194720229,
                0.268788450338258,
                -0.2058478084988357,
                -0.14136005657470826,
                0.11537422364989568,
                0.038660049859793405,
                -0.3029499921741777,
                0.08265664967096721,
                0.007859407465748343,
                0.10240004370128218,
                -0.1457979338353832,
                0.11287766026391335,
                0.16502523854482837,
                -0.20637856135307286,
                0.14821124181001,
                0.22606144804077985,
                0.026269531780622368,
                0.3060673906543313,
                0.27124185933334183
            ],
            "p8_x": [
                -0.10836558296910791,
                0.07769556952727033,
                0.026987698644744526,
                0.07597827051215943,
                0.013460711609133442,
                -0.11290148283342932,
                -0.10435583738700745,
                0.06813743481965354,
                0.05475953102252522,
                -0.06717906746463881,
                0.002637352836785867,
                0.0669701081706703,
                0.05402770929857834,
                -0.08694111344513854,
                0.034420743949521264,
                0.03348946363087407,
                -0.06633548079956729,
                -0.015039382386567617,
                0.02729865340161307,
                -0.026810964995019334,
                -0.06412402752143001,
                0.11160586240707372
            ],
            "p14_z": [
                -0.033942697208925475,
                0.2610398595505635,
                0.1570194106351289,
                0.1769039159454576,
                0.23881006708547117,
                0.002162443587907883,
                0.0349453108353714,
                0.2277163510802892,
                -0.24417516469260908,
                0.023992018006427866,
                0.26824806159512554,
                -0.13848166469508205,
                -0.06301884365076299,
                0.04026379051180686,
                -0.03656558673857489,
                0.2747481987156207,
                -0.0252299857124686,
                -0.2291440406864826,
                0.062413759139538,
                -0.324375963472538,
                -0.20817732206086867,
                0.27393319785824843
            ],
            "p19_x": [
                -0.12415636730233594,
                0.0556585121906398,
                0.10963861271536271,
                0.020258777601892583,
                0.019182686744830882,
                -0.11340967530498852,
                -0.11692775950923362,
                0.049616494269312576,
                0.06453363384599214,
                -0.06791442020571489,
                0.021847589432952674,
                0.05676567181843185,
                0.0570401733949005,
                -0.13330588805509933,
                0.09292037079651173,
                0.011620936444672476,
                -0.0684900504590227,
                0.006087291457229494,
                0.11608003948849105,
                -0.014063836026037368,
                0.0799061810900141,
                0.04324747412540708
            ],
            "p6_z": [
                0.0,
                0.0,
                0.0,
                0.0,
                0.0,
                0.0,
                0.0,
                0.0,
                0.0,
                0.0,
                0.0,
                0.0,
                0.0,
                0.0,
                0.0,
                0.0,
                0.0,
                0.0,
                0.0,
                0.0,
                0.0,
                0.0
            ],
            "total_path_length": [
                -0.14616559074339583,
                0.03723521364291784,
                0.07581468435412574,
                0.02852255368871846,
                0.07783819483324303,
                -0.11617901149788121,
                -0.1614699259983902,
                0.053575029821497415,
                0.10176570557311183,
                -0.08135769529425045,
                0.0036022440273972656,
                0.06670707224234336,
                0.022747493626059007,
                -0.14845772410471378,
                0.12991033773674757,
                0.14251747426199696,
                -0.14972831310379486,
                0.043894106038475524,
                0.09048597153361485,
                0.10027999091177756,
                0.14839490525119398,
                0.07720875104643347
            ],
            "avg_step_length": [
                -0.002764760307540147,
                0.0004930989710825183,
                0.0012201239959876472,
                0.00039636722678879424,
                0.0012897059009239404,
                -0.0023864983583570154,
                -0.0030878916508834367,
                0.0008288995797740879,
                0.0017418337733283748,
                -0.0017920567459735234,
                -4.5754270072938584e-05,
                0.001094833202929797,
                0.00029233770509379015,
                -0.002867580075238282,
                0.0023490079196436518,
                0.0023549816383577273,
                -0.0029678747027547395,
                0.0007300812204539624,
                0.001696467624025218,
                0.0017342773787735744,
                0.0027136123636487103,
                0.0011864709971353051
            ],
            "p3_y": [
                0.0,
                0.0,
                0.0,
                0.0,
                0.0,
                0.0,
                0.0,
                0.0,
                0.0,
                0.0,
                0.0,
                0.0,
                0.0,
                0.0,
                0.0,
                0.0,
                0.0,
                0.0,
                0.0,
                0.0,
                0.0,
                0.0
            ],
            "p2_y": [
                0.0,
                0.0,
                0.0,
                0.0,
                0.0,
                0.0,
                0.0,
                0.0,
                0.0,
                0.0,
                0.0,
                0.0,
                0.0,
                0.0,
                0.0,
                0.0,
                0.0,
                0.0,
                0.0,
                0.0,
                0.0,
                0.0
            ]
        },
        "o": {
            "p15_y": [
                0.2063319339433826,
                0.22834010766089757,
                0.11349361171364106,
                0.16035707284684936,
                0.19363701330029437,
                0.2397646510049575,
                0.11114174193769166,
                0.19291020805440048,
                -0.29837726505111717,
                0.07128984562997928,
                0.26097272737293126,
                -0.24615722011270974,
                -0.3027558366002954,
                0.2436980118146993,
                -0.29515363701906244,
                0.2564406273221875,
                0.11519164137116193,
                -0.2889417146457188,
                -0.3157916385219061,
                -0.3803634596955652,
                0.042243850841131955,
                0.25054737136477984
            ],
            "p2_z": [
                -0.03905762508666806,
                -0.17951371540505348,
                -0.29199915801029735,
                -0.26793997901970074,
                -0.06262608630712278,
                0.27979300000442575,
                0.024564731890359775,
                -0.1838593419270916,
                0.11613730407698174,
                -0.17577909808167994,
                -0.2136531339358007,
                0.06919247975275268,
                0.0784148764641891,
                0.1428030262770398,
                0.21480906263388172,
                -0.228249159079355,
                0.1681746043174144,
                -0.01187129572721126,
                0.08379404669298976,
                0.009333779319455589,
                0.07564662687473184,
                -0.20051003087898076
            ],
            "p16_y": [
                0.04117278774262016,
                0.04648594492175831,
                0.027144334925162286,
                0.013537964577135539,
                0.03890999494149678,
                0.06566676574556538,
                0.020660578377235898,
                0.04535575668915958,
                -0.0432498611780339,
                0.03001064906815978,
                0.03944264174980741,
                -0.03896337366718358,
                -0.053608485875395885,
                0.05181236117169997,
                -0.052497862592272994,
                0.03129166727478868,
                0.02107296843330164,
                -0.04548193181049431,
                -0.05092349659611307,
                -0.05664634741941393,
                0.0323378983925537,
                0.03675679636182707
            ],
            "p15_z": [
                0.047376018959851586,
                -0.2347308749925869,
                -0.13903078782481193,
                -0.16468451286644603,
                -0.199177073279668,
                -0.03893232146868594,
                0.0020386495509758375,
                -0.21187058298403655,
                0.16501632730201937,
                0.11124561706499987,
                -0.21970859078908206,
                0.15895576159095248,
                0.10326622230216898,
                -0.027758874661555,
                0.10960560321896959,
                -0.23244958058998177,
                0.018126626617566793,
                0.17728800688056298,
                0.110974520037964,
                0.2312339344439851,
                -0.01632192974778555,
                -0.21319755544677507
            ],
            "p6_y": [
                0.0,
                0.0,
                0.0,
                0.0,
                0.0,
                0.0,
                0.0,
                0.0,
                0.0,
                0.0,
                0.0,
                0.0,
                0.0,
                0.0,
                0.0,
                0.0,
                0.0,
                0.0,
                0.0,
                0.0,
                0.0,
                0.0
            ],
            "p17_z": [
                0.0,
                0.0,
                0.0,
                0.0,
                0.0,
                0.0,
                0.0,
                0.0,
                0.0,
                0.0,
                0.0,
                0.0,
                0.0,
                0.0,
                0.0,
                0.0,
                0.0,
                0.0,
                0.0,
                0.0,
                0.0,
                0.0
            ],
            "p16_z": [
                0.0,
                0.0,
                0.0,
                0.0,
                0.0,
                0.0,
                0.0,
                0.0,
                0.0,
                0.0,
                0.0,
                0.0,
                0.0,
                0.0,
                0.0,
                0.0,
                0.0,
                0.0,
                0.0,
                0.0,
                0.0,
                0.0
            ],
            "p13_z": [
                0.0,
                0.0,
                0.0,
                0.0,
                0.0,
                0.0,
                0.0,
                0.0,
                0.0,
                0.0,
                0.0,
                0.0,
                0.0,
                0.0,
                0.0,
                0.0,
                0.0,
                0.0,
                0.0,
                0.0,
                0.0,
                0.0
            ],
            "p14_y": [
                0.0,
                0.0,
                0.0,
                0.0,
                0.0,
                0.0,
                0.0,
                0.0,
                0.0,
                0.0,
                0.0,
                0.0,
                0.0,
                0.0,
                0.0,
                0.0,
                0.0,
                0.0,
                0.0,
                0.0,
                0.0,
                0.0
            ],
            "p7_z": [
                0.0,
                0.0,
                0.0,
                0.0,
                0.0,
                0.0,
                0.0,
                0.0,
                0.0,
                0.0,
                0.0,
                0.0,
                0.0,
                0.0,
                0.0,
                0.0,
                0.0,
                0.0,
                0.0,
                0.0,
                0.0,
                0.0
            ],
            "p10_y": [
                0.013036644860573956,
                0.0035603124180165037,
                0.013183619750992364,
                0.010821095163640543,
                0.007078403527947003,
                0.006384593036330561,
                0.014264745347237283,
                0.012723583600224684,
                -0.011180061921105837,
                0.01472087002178648,
                0.006304644588295683,
                -0.016255638771864003,
                -0.010675693813376876,
                0.009968586045706183,
                -0.012588727770406281,
                0.009435143996135173,
                0.013560733455608449,
                -0.008633156243351542,
                -0.013242592562275203,
                -0.011814141559032786,
                -0.02590366703566849,
                0.009620402191620983
            ],
            "p14_x": [
                0.17761226054367393,
                0.150123073808788,
                -0.5276436417430956,
                -0.000728840996740657,
                -0.5086240148953622,
                0.3735565962549025,
                0.29091107697056845,
                -0.13351201060780146,
                -0.015532978335143083,
                0.5642678197917423,
                -0.06340737926420881,
                0.1016009674479026,
                -0.23723123391188117,
                0.2796861589135454,
                -0.4035329544149616,
                -0.21229908021728755,
                0.40074335479997103,
                -0.4188906976918224,
                -0.9433964604239916,
                0.02572011994356386,
                -0.9295523929899587,
                -0.44516714974921706
            ],
            "p8_x": [
                0.18485173186695691,
                -0.12266498637684387,
                -0.03705522504776064,
                -0.13189075829799624,
                -0.003427793012933988,
                0.18795587252754709,
                0.1866249905112301,
                -0.11216570336314621,
                -0.19932698351776953,
                0.12696526434982905,
                0.01827625637508543,
                -0.215458167355382,
                -0.16844924837183128,
                0.14765060388280718,
                -0.14473835738600968,
                -0.037973358673722604,
                0.12220904593190257,
                0.10033182190555681,
                -0.10518431851475042,
                0.13265542395299473,
                0.29587309883829355,
                -0.19836158539266288
            ],
            "p14_z": [
                0.049048881385988403,
                -0.12581633139206178,
                -0.05993734402474693,
                -0.07169488784054183,
                -0.10585008709985198,
                0.032493123023341924,
                0.016566043474759727,
                -0.1040638795557426,
                0.06536490686530957,
                0.0206223500431824,
                -0.12912736966633528,
                0.05292099922561069,
                0.03838250313276415,
                0.014077509938135698,
                0.020275112177387603,
                -0.13489098968025567,
                0.04241798161428766,
                0.07274855866826212,
                0.004688701836486637,
                0.08442546328614692,
                0.09250907879776737,
                -0.13542188070190694
            ],
            "p19_x": [
                0.11169575131208184,
                -0.06349933469196395,
                -0.15596536081771425,
                -0.01818726520219036,
                -0.015096709937816984,
                0.09419157445197628,
                0.10338717075458587,
                -0.05664648778630829,
                -0.05060281821539962,
                0.061043086431787456,
                -0.019404609024910476,
                -0.043902060740110875,
                -0.047961463232492056,
                0.11642540814819274,
                -0.08402509381150271,
                -0.006581644074560979,
                0.05915748182793332,
                0.006931724107997366,
                -0.12788135802030481,
                0.026685108849427278,
                -0.08310814881104946,
                -0.051166592788846485
            ],
            "p6_z": [
                0.0,
                0.0,
                0.0,
                0.0,
                0.0,
                0.0,
                0.0,
                0.0,
                0.0,
                0.0,
                0.0,
                0.0,
                0.0,
                0.0,
                0.0,
                0.0,
                0.0,
                0.0,
                0.0,
                0.0,
                0.0,
                0.0
            ],
            "total_path_length": [
                0.28379858960534954,
                -0.005046381592045868,
                -0.11155192131892436,
                0.005857110925445069,
                -0.11138716131502485,
                0.2316274258498195,
                0.32143147181587467,
                -0.04250268788326008,
                -0.3546579325368595,
                0.18322444706386803,
                0.05293615184970928,
                -0.1694705832087964,
                0.0001851858108093537,
                0.2815598041910329,
                -0.6284347214524363,
                -0.20260479082685848,
                0.3011707201650907,
                -0.09191401108407259,
                -0.4245726263361342,
                -0.2739687630771811,
                -0.5112225614053755,
                -0.08507589531548704
            ],
            "avg_step_length": [
                0.005676321880436534,
                0.0002692374140407465,
                -0.0016792731825105696,
                0.0004183641727563157,
                -0.0017015357113134221,
                0.004913065573867384,
                0.00653413005115893,
                -0.0004516963403029895,
                -0.0059778168928233495,
                0.0041247909356939205,
                0.0012712945177010232,
                -0.002709810849423426,
                0.0003405000068859637,
                0.005748825271760047,
                -0.010710844084570712,
                -0.003305131621734659,
                0.006314925988436754,
                -0.0013543826890206718,
                -0.007160464417345071,
                -0.004688824196258987,
                -0.00879311216633091,
                -0.001176307258323442
            ],
            "p3_y": [
                0.0,
                0.0,
                0.0,
                0.0,
                0.0,
                0.0,
                0.0,
                0.0,
                0.0,
                0.0,
                0.0,
                0.0,
                0.0,
                0.0,
                0.0,
                0.0,
                0.0,
                0.0,
                0.0,
                0.0,
                0.0,
                0.0
            ],
            "p2_y": [
                0.0,
                0.0,
                0.0,
                0.0,
                0.0,
                0.0,
                0.0,
                0.0,
                0.0,
                0.0,
                0.0,
                0.0,
                0.0,
                0.0,
                0.0,
                0.0,
                0.0,
                0.0,
                0.0,
                0.0,
                0.0,
                0.0
            ]
        }
    },
    "observations": {
        "label": [
            "o",
            "m",
            "m",
            "m",
            "m",
            "o",
            "o",
            "m",
            "w",
            "o",
            "m",
            "w",
            "w",
            "o",
            "w",
            "m",
            "o",
            "w",
            "w",
            "w",
            "m",
            "m"
        ],
        "duration_ms": [
            1267.0,
            1234.0,
            1167.0,
            1416.0,
            1701.0,
            1250.0,
            1183.0,
            1233.0,
            1016.0,
            1250.0,
            1317.0,
            1166.0,
            1250.0,
            1267.0,
            883.0,
            1150.0,
            1100.0,
            1434.0,
            1149.0,
            1202.0,
            1266.0,
            1133.0
        ],
        "total_path_length": [
            23.26900112375649,
            37.69910655306931,
            40.65410463743956,
            37.502290528269924,
            40.76250612296151,
            24.310980941370026,
            20.411643134889164,
            38.88498621550904,
            47.46586586836849,
            26.382445337026116,
            36.055428931042755,
            42.50338767076261,
            37.4498216154203,
            22.82936380511487,
            53.925851520061386,
            43.471625156143375,
            20.192920023812725,
            40.29491914660939,
            48.307573752679154,
            46.54263159094905,
            51.741201233183304,
            39.7075561206538
        ],
        "avg_step_length": [
            1.2246842696713942,
            1.9841635027931217,
            2.139689717759977,
            1.9738047646457855,
            2.1453950591032376,
            1.2795253127036856,
            1.0742970070994298,
            2.046578221868897,
            2.498203466756236,
            1.3885497545803218,
            1.8976541542654082,
            2.237020403724348,
            1.9710432429168578,
            1.2015454634270983,
            2.8382027115821784,
            2.287980271375967,
            1.0627852644111961,
            2.1207852182425992,
            2.5425038817199557,
            2.4496121889973184,
            2.7232211175359633,
            2.0898713747712527
        ],
        "range_x": [
            5.731578947368421,
            4.5473684210526315,
            4.726315789473683,
            3.521052631578947,
            2.515789473684208,
            5.800000000000001,
            4.3,
            3.463157894736841,
            5.6000000000000005,
            5.652631578947368,
            2.7,
            5.41578947368421,
            4.478947368421052,
            3.7684210526315796,
            5.652631578947369,
            2.673684210526316,
            4.463157894736842,
            2.3052631578947347,
            6.2631578947368425,
            2.415789473684211,
            4.605263157894736,
            5.084210526315789
        ],
        "range_y": [
            4.126315789473685,
            5.768421052631579,
            6.568421052631579,
            4.884210526315789,
            5.152631578947368,
            4.7631578947368425,
            4.1421052631578945,
            6.157894736842106,
            8.600000000000001,
            4.457894736842106,
            5.300000000000001,
            6.273684210526316,
            6.163157894736842,
            4.252631578947369,
            8.85263157894737,
            6.663157894736843,
            4.284210526315789,
            6.163157894736843,
            7.673684210526318,
            8.694736842105264,
            6.631578947368421,
            5.989473684210526
        ],
        "range_z": [
            3.026315789473684,
            6.821052631578947,
            6.731578947368421,
            5.842105263157894,
            7.536842105263158,
            3.615789473684212,
            2.4947368421052634,
            7.010526315789475,
            7.1,
            3.436842105263159,
            6.0,
            5.857894736842103,
            4.842105263157896,
            4.394736842105263,
            8.010526315789475,
            7.963157894736845,
            3.8631578947368435,
            7.61578947368421,
            7.589473684210526,
            9.036842105263158,
            7.26842105263158,
            6.363157894736842
        ],
        "p1_x": [
            0.0,
            0.0,
            0.0,
            0.0,
            0.0,
            0.0,
            0.0,
            0.0,
            0.0,
            0.0,
            0.0,
            0.0,
            0.0,
            0.0,
            0.0,
            0.0,
            0.0,
            0.0,
            0.0,
            0.0,
            0.0,
            0.0
        ],
        "p1_y": [
            0.0,
            0.0,
            0.0,
            0.0,
            0.0,
            0.0,
            0.0,
            0.0,
            0.0,
            0.0,
            0.0,
            0.0,
            0.0,
            0.0,
            0.0,
            0.0,
            0.0,
            0.0,
            0.0,
            0.0,
            0.0,
            0.0
        ],
        "p1_z": [
            0.0,
            0.0,
            0.0,
            0.0,
            0.0,
            0.0,
            0.0,
            0.0,
            0.0,
            0.0,
            0.0,
            0.0,
            0.0,
            0.0,
            0.0,
            0.0,
            0.0,
            0.0,
            0.0,
            0.0,
            0.0,
            0.0
        ],
        "p1_t": [
            67.0,
            69.0,
            33.0,
            34.0,
            34.0,
            34.0,
            68.0,
            51.0,
            67.0,
            34.0,
            67.0,
            51.0,
            34.0,
            50.0,
            51.0,
            50.0,
            67.0,
            34.0,
            51.0,
            34.0,
            35.0,
            34.0
        ],
        "p2_x": [
            0.2789473684210526,
            0.9473684210526316,
            0.7578947368421053,
            -0.1,
            -0.5210526315789474,
            0.8473684210526317,
            0.7105263157894737,
            0.6842105263157896,
            -0.1,
            0.0,
            0.5,
            -0.49473684210526325,
            0.12105263157894741,
            0.2578947368421053,
            -0.5842105263157895,
            0.45789473684210535,
            0.15263157894736842,
            0.08421052631578949,
            0.13684210526315793,
            -0.25263157894736843,
            0.2,
            0.06842105263157894
        ],
        "p2_y": [
            -0.5578947368421052,
            1.2,
            2.057894736842105,
            0.9789473684210527,
            0.2894736842105263,
            -0.7947368421052633,
            -0.9526315789473685,
            1.268421052631579,
            -0.40000000000000013,
            -0.5052631578947369,
            0.7,
            -1.0894736842105264,
            -0.5999999999999999,
            -1.0315789473684212,
            -0.9000000000000001,
            1.236842105263158,
            -0.8263157894736843,
            -0.21578947368421053,
            -0.5368421052631579,
            -0.5526315789473684,
            -0.8894736842105265,
            0.9368421052631579
        ],
        "p2_z": [
            0.0,
            0.8526315789473684,
            1.7000000000000002,
            1.4789473684210528,
            0.06842105263157883,
            -1.2210526315789476,
            -0.25263157894736843,
            0.8684210526315788,
            -0.8,
            0.6315789473684212,
            1.1000000000000003,
            -0.44736842105263164,
            -0.5263157894736843,
            -0.7157894736842105,
            -1.6,
            1.3631578947368426,
            -0.8263157894736842,
            0.08421052631578951,
            -0.5736842105263159,
            -0.0052631578947368585,
            -0.5263157894736843,
            1.0
        ],
        "p2_t": [
            130.0,
            144.0,
            91.0,
            116.0,
            116.0,
            131.0,
            143.0,
            114.0,
            117.0,
            93.0,
            134.0,
            109.0,
            97.0,
            143.0,
            111.0,
            120.0,
            121.0,
            104.0,
            106.0,
            93.0,
            111.0,
            106.0
        ],
        "p3_x": [
            0.9263157894736843,
            0.3368421052631577,
            -0.05263157894736842,
            0.5,
            -0.35789473684210515,
            1.4473684210526319,
            1.1157894736842104,
            0.6000000000000001,
            0.9,
            0.831578947368421,
            0.30000000000000004,
            0.4526315789473687,
            0.7947368421052632,
            0.8157894736842106,
            0.43157894736842106,
            0.0,
            0.8052631578947369,
            -0.26315789473684215,
            0.026315789473684237,
            -0.2894736842105264,
            -0.0526315789473685,
            0.22631578947368422
        ],
        "p3_y": [
            -0.9157894736842106,
            0.5947368421052632,
            1.7315789473684213,
            1.7,
            0.8578947368421052,
            -2.0473684210526315,
            -1.5947368421052632,
            1.3315789473684212,
            0.40000000000000013,
            -1.3736842105263158,
            -0.20000000000000007,
            -1.3157894736842102,
            -0.1578947368421051,
            -1.8315789473684214,
            -0.35263157894736863,
            0.5157894736842105,
            -1.6052631578947367,
            0.13157894736842102,
            -0.8000000000000002,
            -0.8894736842105262,
            -1.8,
            0.17368421052631566
        ],
        "p3_z": [
            -0.12631578947368438,
            0.7473684210526319,
            2.4526315789473685,
            2.2,
            0.23684210526315774,
            -1.342105263157895,
            -0.8947368421052633,
            1.131578947368421,
            -0.4,
            -0.10526315789473684,
            0.10000000000000009,
            -0.8052631578947369,
            -0.8473684210526318,
            -1.368421052631579,
            -1.3842105263157896,
            1.3052631578947365,
            -1.4526315789473685,
            0.22631578947368425,
            -0.7000000000000001,
            -0.20526315789473693,
            -1.3210526315789475,
            -0.3526315789473685
        ],
        "p3_t": [
            193.0,
            220.0,
            147.0,
            197.0,
            297.0,
            192.0,
            202.0,
            179.0,
            185.0,
            185.0,
            200.0,
            183.0,
            159.0,
            203.0,
            154.0,
            174.0,
            175.0,
            189.0,
            163.0,
            153.0,
            205.0,
            178.0
        ],
        "p4_x": [
            0.37368421052631573,
            -0.11578947368421064,
            0.3263157894736843,
            0.6052631578947368,
            -0.3736842105263158,
            0.9789473684210526,
            1.1684210526315788,
            0.7368421052631576,
            1.2000000000000002,
            1.3526315789473682,
            0.7,
            1.1578947368421055,
            0.8578947368421052,
            1.0,
            0.8,
            -0.12631578947368424,
            1.4789473684210526,
            -0.594736842105263,
            0.7,
            -0.05789473684210533,
            -0.7000000000000001,
            0.49473684210526325
        ],
        "p4_y": [
            -1.7000000000000002,
            -1.6315789473684215,
            0.8473684210526315,
            0.3631578947368421,
            1.6263157894736842,
            -2.621052631578948,
            -1.5,
            0.7315789473684207,
            1.2000000000000002,
            -0.573684210526316,
            -1.0,
            -0.44736842105263197,
            0.642105263157895,
            -1.7000000000000002,
            0.9157894736842103,
            -0.905263157894737,
            -1.4210526315789476,
            1.673684210526315,
            0.5315789473684209,
            -0.26842105263157867,
            -0.28421052631578914,
            -0.29473684210526324
        ],
        "p4_z": [
            0.06315789473684208,
            -2.3894736842105266,
            0.6526315789473686,
            0.06315789473684214,
            1.810526315789474,
            -1.9789473684210528,
            -0.4421052631578947,
            0.27894736842105194,
            -0.8,
            0.15789473684210537,
            -1.9000000000000001,
            -0.9736842105263159,
            -0.7578947368421052,
            -0.9736842105263158,
            -0.7789473684210528,
            -1.405263157894737,
            -1.3789473684210525,
            1.8210526315789466,
            0.31052631578947365,
            -0.1842105263157895,
            0.31578947368421095,
            -1.1894736842105265
        ],
        "p4_t": [
            256.0,
            329.0,
            221.0,
            296.0,
            424.0,
            255.0,
            261.0,
            243.0,
            234.0,
            244.0,
            267.0,
            241.0,
            221.0,
            263.0,
            197.0,
            238.0,
            230.0,
            259.0,
            253.0,
            211.0,
            265.0,
            233.0
        ],
        "p5_x": [
            1.0631578947368419,
            -0.30000000000000004,
            0.2,
            0.4157894736842106,
            0.7263157894736847,
            1.3894736842105264,
            0.831578947368421,
            0.4526315789473686,
            1.5000000000000002,
            0.6000000000000001,
            0.0,
            0.731578947368421,
            0.6947368421052632,
            0.6052631578947368,
            1.8,
            0.052631578947368696,
            1.3894736842105264,
            0.3526315789473685,
            0.7473684210526315,
            -0.0578947368421055,
            0.515789473684211,
            -0.3526315789473685
        ],
        "p5_y": [
            -0.8842105263157897,
            -2.4105263157894736,
            0.13157894736842102,
            -0.7157894736842106,
            1.0105263157894744,
            -1.7210526315789474,
            -1.1894736842105262,
            -0.8210526315789473,
            3.4000000000000004,
            -0.08947368421052637,
            -2.1,
            2.4368421052631586,
            2.28421052631579,
            -1.0315789473684212,
            4.910526315789474,
            -2.789473684210527,
            -0.8947368421052633,
            4.226315789473684,
            1.6315789473684208,
            1.1105263157894727,
            3.1105263157894742,
            -2.105263157894737
        ],
        "p5_z": [
            0.6473684210526314,
            -3.921052631578948,
            0.026315789473684292,
            -0.2578947368421053,
            0.836842105263159,
            -1.4842105263157896,
            0.1,
            -2.0578947368421057,
            1.2000000000000002,
            -0.06842105263157905,
            -2.9000000000000004,
            1.0789473684210529,
            0.2842105263157895,
            -0.16842105263157894,
            0.9842105263157898,
            -3.642105263157896,
            -1.0947368421052632,
            4.552631578947368,
            0.305263157894737,
            1.0473684210526308,
            3.7736842105263166,
            -2.278947368421053
        ],
        "p5_t": [
            320.0,
            387.0,
            296.0,
            361.0,
            511.0,
            317.0,
            320.0,
            307.0,
            284.0,
            320.0,
            350.0,
            334.0,
            316.0,
            322.0,
            240.0,
            298.0,
            285.0,
            329.0,
            309.0,
            271.0,
            343.0,
            305.0
        ],
        "p6_x": [
            2.8736842105263154,
            -0.6894736842105265,
            -0.21052631578947364,
            0.15789473684210548,
            0.49473684210526303,
            1.3736842105263167,
            1.7736842105263158,
            -1.0,
            0.0,
            0.6894736842105265,
            -0.2,
            0.08947368421052637,
            0.46315789473684177,
            1.178947368421053,
            0.7736842105263154,
            -0.5,
            1.0631578947368419,
            0.8421052631578946,
            0.847368421052632,
            0.4,
            1.5526315789473684,
            -0.2
        ],
        "p6_y": [
            -0.21578947368421109,
            -2.336842105263158,
            -0.8210526315789474,
            -1.8368421052631576,
            -0.9421052631578947,
            -1.3263157894736837,
            -0.5,
            -2.421052631578948,
            6.6000000000000005,
            0.42631578947368426,
            -2.9000000000000004,
            4.0473684210526315,
            4.778947368421054,
            -1.0,
            6.389473684210527,
            -3.694736842105263,
            0.03157894736842087,
            4.363157894736842,
            3.9368421052631577,
            4.315789473684211,
            2.9052631578947365,
            -2.6578947368421053
        ],
        "p6_z": [
            0.7000000000000001,
            -3.6631578947368424,
            -1.4105263157894736,
            -1.678947368421052,
            -0.38421052631578906,
            -1.431578947368421,
            -0.010526315789473606,
            -3.5368421052631582,
            3.2,
            0.37368421052631584,
            -4.2,
            2.0105263157894737,
            1.0421052631578958,
            0.18947368421052646,
            3.426315789473685,
            -5.010526315789475,
            0.03157894736842093,
            3.984210526315789,
            0.33684210526315755,
            4.078947368421053,
            4.5210526315789465,
            -3.3315789473684205
        ],
        "p6_t": [
            383.0,
            446.0,
            402.0,
            441.0,
            593.0,
            379.0,
            379.0,
            372.0,
            334.0,
            378.0,
            417.0,
            390.0,
            379.0,
            381.0,
            283.0,
            368.0,
            355.0,
            397.0,
            364.0,
            345.0,
            404.0,
            371.0
        ],
        "p7_x": [
            2.0263157894736845,
            -2.6631578947368424,
            -0.6052631578947371,
            -0.4842105263157894,
            0.026315789473684237,
            2.0736842105263156,
            1.5157894736842106,
            -1.15263157894737,
            -1.9,
            0.5157894736842107,
            -1.0000000000000002,
            -1.973684210526315,
            -1.0105263157894744,
            1.5526315789473686,
            -0.7000000000000001,
            -0.6263157894736843,
            1.2421052631578948,
            0.405263157894737,
            -0.38421052631578906,
            0.7,
            1.4368421052631584,
            -1.3368421052631585
        ],
        "p7_y": [
            -0.3263157894736842,
            -2.2368421052631575,
            -1.005263157894737,
            -1.836842105263158,
            -2.273684210526316,
            -0.057894736842105166,
            0.23157894736842127,
            -2.6052631578947376,
            5.4,
            0.9842105263157894,
            -2.4000000000000004,
            4.031578947368422,
            4.963157894736842,
            -1.1473684210526316,
            5.7,
            -2.7210526315789476,
            0.9736842105263155,
            3.5,
            5.178947368421053,
            4.636842105263158,
            0.884210526315789,
            -2.778947368421053
        ],
        "p7_z": [
            0.9526315789473685,
            -4.321052631578947,
            -1.6526315789473687,
            -3.173684210526316,
            -2.1842105263157894,
            -1.4157894736842103,
            0.30000000000000004,
            -3.8105263157894744,
            4.1,
            1.1315789473684212,
            -4.3,
            2.984210526315789,
            3.9105263157894745,
            -0.594736842105263,
            4.2,
            -4.6684210526315795,
            0.4736842105263155,
            1.7263157894736851,
            1.8052631578947365,
            5.168421052631579,
            2.326315789473684,
            -3.7210526315789476
        ],
        "p7_t": [
            446.0,
            505.0,
            459.0,
            524.0,
            674.0,
            441.0,
            454.0,
            435.0,
            384.0,
            437.0,
            485.0,
            448.0,
            458.0,
            475.0,
            326.0,
            421.0,
            427.0,
            467.0,
            421.0,
            404.0,
            464.0,
            432.0
        ],
        "p8_x": [
            1.8947368421052633,
            -2.7684210526315796,
            -1.789473684210526,
            -2.9157894736842103,
            -1.4578947368421056,
            2.4052631578947365,
            2.0,
            -2.6421052631578945,
            -3.4,
            1.131578947368421,
            -1.3,
            -3.663157894736842,
            -3.1315789473684212,
            1.2000000000000002,
            -2.721052631578948,
            -1.8421052631578947,
            0.8315789473684214,
            -0.41578947368421104,
            -2.3052631578947365,
            -0.0684210526315791,
            1.4842105263157899,
            -3.3157894736842115
        ],
        "p8_y": [
            0.8578947368421056,
            -0.384210526315788,
            -1.8894736842105262,
            -1.789473684210526,
            -2.673684210526316,
            0.7,
            2.0368421052631582,
            -1.8421052631578945,
            2.4000000000000004,
            1.3789473684210538,
            -1.0,
            1.6473684210526331,
            1.2736842105263153,
            0.305263157894737,
            2.7421052631578933,
            -1.910526315789474,
            1.6157894736842107,
            3.1894736842105265,
            3.178947368421054,
            2.352631578947367,
            -0.9263157894736848,
            -1.9631578947368442
        ],
        "p8_z": [
            0.9,
            -2.384210526315788,
            -1.7052631578947373,
            -2.494736842105263,
            -3.8684210526315788,
            -1.2526315789473683,
            0.2736842105263165,
            -2.7526315789473683,
            3.1,
            0.5578947368421046,
            -2.6,
            3.868421052631579,
            3.8052631578947365,
            -1.084210526315789,
            5.047368421052631,
            -3.0631578947368427,
            1.0368421052631576,
            2.3000000000000003,
            3.2157894736842105,
            3.4210526315789465,
            -0.49473684210526403,
            -3.3947368421052637
        ],
        "p8_t": [
            509.0,
            575.0,
            516.0,
            589.0,
            755.0,
            503.0,
            513.0,
            499.0,
            434.0,
            496.0,
            551.0,
            506.0,
            520.0,
            551.0,
            369.0,
            475.0,
            481.0,
            538.0,
            477.0,
            463.0,
            524.0,
            488.0
        ],
        "p9_x": [
            1.1368421052631583,
            -1.131578947368422,
            -1.3,
            -1.1315789473684212,
            -1.2684210526315796,
            1.6894736842105265,
            1.4789473684210528,
            -1.6,
            -3.8000000000000003,
            -0.8789473684210528,
            -1.5000000000000002,
            -3.8000000000000003,
            -3.4,
            1.5631578947368423,
            -3.852631578947369,
            -1.3210526315789464,
            0.547368421052632,
            -0.5052631578947371,
            -4.78421052631579,
            -0.7210526315789472,
            1.594736842105263,
            -2.9894736842105263
        ],
        "p9_y": [
            2.231578947368421,
            2.747368421052631,
            0.40526315789473666,
            1.047368421052632,
            -0.4736842105263178,
            1.1578947368421055,
            2.263157894736842,
            0.14736842105263154,
            0.10000000000000009,
            1.378947368421053,
            1.4,
            -0.7736842105263165,
            -0.6578947368421053,
            1.5894736842105264,
            -0.09473684210526367,
            0.9947368421052661,
            2.6789473684210527,
            1.310526315789473,
            -0.6631578947368412,
            -0.16842105263157792,
            -2.115789473684211,
            1.010526315789474
        ],
        "p9_z": [
            1.5315789473684212,
            1.4526315789473672,
            -2.7894736842105265,
            -0.721052631578947,
            -1.8947368421052668,
            -0.30000000000000004,
            1.0789473684210529,
            -1.5789473684210529,
            1.1,
            2.1368421052631583,
            -0.6,
            2.0473684210526306,
            0.6947368421052627,
            0.2789473684210527,
            2.2684210526315787,
            -0.8421052631578925,
            2.1526315789473682,
            2.268421052631579,
            2.236842105263159,
            0.7684210526315802,
            -1.3894736842105262,
            -1.4789473684210521
        ],
        "p9_t": [
            572.0,
            642.0,
            573.0,
            654.0,
            837.0,
            565.0,
            571.0,
            564.0,
            484.0,
            555.0,
            618.0,
            564.0,
            582.0,
            611.0,
            412.0,
            540.0,
            536.0,
            622.0,
            549.0,
            525.0,
            585.0,
            543.0
        ],
        "p10_x": [
            0.0,
            -1.7263157894736842,
            -1.4368421052631581,
            -0.5000000000000001,
            -1.615789473684211,
            0.44736842105263297,
            1.0526315789473686,
            0.03157894736842204,
            -3.4,
            -1.2000000000000002,
            -0.10000000000000003,
            -3.2947368421052627,
            -2.2210526315789494,
            0.8368421052631583,
            -3.5736842105263165,
            -0.07368421052631538,
            -0.6105263157894736,
            -1.1421052631578947,
            -4.105263157894737,
            -0.8,
            0.8315789473684213,
            -1.0105263157894744
        ],
        "p10_y": [
            2.410526315789474,
            1.426315789473684,
            3.336842105263158,
            2.894736842105263,
            2.0157894736842112,
            1.3789473684210507,
            2.5473684210526315,
            3.3578947368421055,
            -1.3,
            2.7473684210526317,
            2.1,
            -2.126315789473684,
            -1.1368421052631583,
            1.9210526315789473,
            -2.084210526315789,
            2.9684210526315797,
            2.3,
            -0.7842105263157895,
            -2.031578947368421,
            -1.5473684210526315,
            -3.1315789473684212,
            2.8894736842105258
        ],
        "p10_z": [
            2.8000000000000003,
            0.7526315789473688,
            1.6894736842105273,
            2.3052631578947373,
            1.9263157894736853,
            0.44736842105263275,
            1.3,
            1.7315789473684218,
            -0.30000000000000004,
            1.9947368421052631,
            1.7,
            -0.105263157894737,
            -0.5736842105263165,
            1.8631578947368421,
            -0.8105263157894725,
            2.95263157894737,
            2.110526315789474,
            -0.21052631578947256,
            -0.6263157894736836,
            -0.7473684210526317,
            -1.9368421052631575,
            2.642105263157894
        ],
        "p10_t": [
            636.0,
            714.0,
            630.0,
            719.0,
            919.0,
            628.0,
            631.0,
            644.0,
            534.0,
            614.0,
            684.0,
            621.0,
            645.0,
            671.0,
            455.0,
            613.0,
            591.0,
            692.0,
            606.0,
            597.0,
            646.0,
            599.0
        ],
        "p11_x": [
            -1.378947368421052,
            -0.6526315789473686,
            -1.3210526315789473,
            -1.1,
            -1.3,
            -0.8210526315789495,
            -0.20526315789473704,
            -0.45789473684210547,
            -1.7,
            -1.9263157894736844,
            -1.1,
            -1.6789473684210527,
            0.19473684210526584,
            -0.41578947368421104,
            -1.4894736842105254,
            -0.48947368421052606,
            -1.6526315789473671,
            -0.7421052631578946,
            -2.7578947368421067,
            -0.6736842105263157,
            -1.1578947368421062,
            -0.5368421052631589
        ],
        "p11_y": [
            1.9,
            0.5421052631578944,
            3.1368421052631583,
            1.5210526315789479,
            2.4157894736842107,
            1.7,
            1.8736842105263158,
            1.947368421052633,
            -2.0,
            2.531578947368421,
            -0.30000000000000004,
            -2.2263157894736842,
            0.15789473684210775,
            2.0789473684210527,
            -2.4421052631578952,
            1.1473684210526303,
            1.8368421052631583,
            -0.9000000000000004,
            -2.0315789473684216,
            -2.0,
            -2.34736842105263,
            1.4842105263157896
        ],
        "p11_z": [
            2.8315789473684223,
            -0.5789473684210528,
            3.9421052631578943,
            2.0157894736842112,
            3.415789473684211,
            1.1263157894736835,
            1.5473684210526315,
            2.8000000000000003,
            -1.5,
            2.4000000000000004,
            0.6000000000000001,
            -0.8,
            -0.21578947368420887,
            2.378947368421053,
            -2.4368421052631586,
            1.5578947368421043,
            2.410526315789475,
            -2.2315789473684218,
            -1.2,
            -1.3526315789473686,
            -1.7105263157894728,
            2.0526315789473695
        ],
        "p11_t": [
            731.0,
            772.0,
            687.0,
            783.0,
            1000.0,
            706.0,
            706.0,
            708.0,
            584.0,
            672.0,
            751.0,
            680.0,
            714.0,
            747.0,
            497.0,
            669.0,
            644.0,
            761.0,
            662.0,
            655.0,
            706.0,
            654.0
        ],
        "p12_x": [
            -2.8000000000000003,
            -1.0,
            -1.2,
            -0.6157894736842103,
            0.021052631578948655,
            -1.689473684210526,
            -1.6578947368421058,
            -0.6,
            -0.5000000000000001,
            -2.2157894736842114,
            0.4,
            -0.23684210526315827,
            1.078947368421052,
            -1.6,
            -0.01578947368421063,
            -0.2736842105263151,
            -2.368421052631578,
            -1.2526315789473688,
            -0.568421052631578,
            0.6157894736842111,
            -1.005263157894737,
            0.194736842105263
        ],
        "p12_y": [
            1.5315789473684212,
            -1.1368421052631583,
            2.147368421052633,
            0.5315789473684206,
            0.8631578947368411,
            1.410526315789474,
            1.7210526315789474,
            0.6210526315789473,
            -0.19999999999999996,
            2.5263157894736836,
            -0.7000000000000001,
            -0.9947368421052637,
            1.4315789473684222,
            1.5368421052631582,
            -1.8421052631578954,
            -0.8210526315789487,
            1.721052631578948,
            -0.8526315789473689,
            -0.9526315789473673,
            -1.8631578947368417,
            1.1526315789473673,
            0.41052631578947407
        ],
        "p12_z": [
            2.9,
            -1.8947368421052637,
            3.394736842105266,
            0.2947368421052615,
            1.273684210526313,
            1.257894736842104,
            1.0421052631578946,
            1.089473684210526,
            -1.2,
            3.3315789473684223,
            -2.0,
            -0.5578947368421056,
            0.610526315789474,
            3.0263157894736836,
            -2.3631578947368426,
            -1.6105263157894762,
            2.1,
            -1.926315789473684,
            -1.184210526315789,
            -1.9000000000000004,
            1.4421052631578932,
            -0.07368421052631502
        ],
        "p12_t": [
            795.0,
            831.0,
            744.0,
            847.0,
            1082.0,
            769.0,
            764.0,
            772.0,
            634.0,
            731.0,
            817.0,
            738.0,
            786.0,
            806.0,
            540.0,
            733.0,
            698.0,
            830.0,
            720.0,
            730.0,
            766.0,
            709.0
        ],
        "p13_x": [
            -2.8578947368421055,
            -0.5368421052631576,
            -0.2736842105263151,
            0.2,
            0.7,
            -2.8894736842105284,
            -1.8315789473684212,
            -0.37894736842105203,
            -0.1,
            -3.7,
            -0.10000000000000003,
            0.13684210526315752,
            0.7157894736842103,
            -1.889473684210526,
            1.084210526315789,
            -0.3526315789473685,
            -2.731578947368421,
            1.0368421052631562,
            0.48421052631578904,
            0.7684210526315789,
            1.0789473684210549,
            0.30000000000000004
        ],
        "p13_y": [
            0.510526315789474,
            -1.6,
            1.284210526315789,
            -0.6473684210526316,
            -0.27368421052631586,
            1.1157894736842102,
            1.0736842105263151,
            -0.34210526315789597,
            3.0,
            1.3368421052631576,
            -1.9000000000000001,
            1.6473684210526303,
            2.4684210526315797,
            1.010526315789474,
            0.24736842105263013,
            -2.5578947368421057,
            1.0842105263157897,
            1.5157894736842081,
            1.2105263157894726,
            -0.1789473684210512,
            2.9894736842105276,
            -1.2368421052631584
        ],
        "p13_z": [
            2.6105263157894742,
            -2.9631578947368427,
            0.7578947368421041,
            -1.0263157894736843,
            -1.1473684210526316,
            1.6368421052631592,
            1.6,
            -1.142105263157896,
            1.5000000000000002,
            3.0789473684210518,
            -2.6,
            0.6736842105263151,
            1.3368421052631592,
            2.3052631578947373,
            -1.2421052631578962,
            -3.105263157894737,
            1.5,
            -0.8315789473684219,
            -0.20000000000000004,
            -1.3473684210526302,
            5.331578947368422,
            -2.215789473684211
        ],
        "p13_t": [
            866.0,
            890.0,
            801.0,
            947.0,
            1164.0,
            831.0,
            823.0,
            837.0,
            700.0,
            789.0,
            900.0,
            813.0,
            848.0,
            866.0,
            583.0,
            825.0,
            753.0,
            899.0,
            791.0,
            789.0,
            827.0,
            780.0
        ],
        "p14_x": [
            -1.6421052631578945,
            -1.3684210526315794,
            0.6,
            -0.8894736842105254,
            0.5631578947368417,
            -2.884210526315789,
            -2.268421052631579,
            -0.5,
            -0.9,
            -4.268421052631579,
            -0.7,
            -1.2263157894736822,
            -0.23157894736842197,
            -2.2052631578947373,
            0.09999999999999862,
            -0.30000000000000004,
            -2.984210526315789,
            0.31578947368421095,
            1.478947368421053,
            -0.9684210526315797,
            1.663157894736842,
            0.30000000000000004
        ],
        "p14_y": [
            -0.27368421052631575,
            -2.4526315789473694,
            0.0578947368421055,
            -1.9894736842105254,
            -1.163157894736842,
            0.6684210526315781,
            0.23157894736842058,
            -1.789473684210526,
            5.4,
            0.5631578947368411,
            -2.5,
            3.6000000000000005,
            3.531578947368422,
            -0.46315789473684255,
            3.6105263157894756,
            -2.926315789473684,
            0.31578947368421095,
            3.7631578947368443,
            4.310526315789475,
            3.342105263157898,
            1.9157894736842112,
            -2.231578947368422
        ],
        "p14_z": [
            1.8210526315789473,
            -2.9157894736842103,
            -0.8947368421052632,
            -1.2368421052631582,
            -1.8631578947368417,
            1.3105263157894727,
            1.0842105263157897,
            -2.189473684210526,
            3.4000000000000004,
            1.28421052631579,
            -3.1,
            2.5947368421052617,
            1.9736842105263166,
            1.0,
            1.563157894736844,
            -3.7473684210526317,
            1.6,
            3.447368421052633,
            0.7736842105263165,
            4.1473684210526365,
            3.55263157894737,
            -3.2789473684210524
        ],
        "p14_t": [
            938.0,
            949.0,
            858.0,
            1061.0,
            1245.0,
            894.0,
            882.0,
            900.0,
            750.0,
            848.0,
            967.0,
            870.0,
            911.0,
            959.0,
            635.0,
            880.0,
            841.0,
            1002.0,
            847.0,
            864.0,
            888.0,
            836.0
        ],
        "p15_x": [
            -1.7,
            -1.6736842105263166,
            0.8684210526315781,
            -1.7,
            -0.21578947368421103,
            -3.3947368421052637,
            -2.3,
            -0.5,
            -2.4,
            -4.3,
            -1.4000000000000001,
            -3.1789473684210505,
            -1.1947368421052638,
            -2.068421052631578,
            -1.373684210526318,
            -1.568421052631578,
            -2.931578947368421,
            -0.1578947368421055,
            -1.1105263157894718,
            1.1736842105263166,
            2.0315789473684207,
            -0.8
        ],
        "p15_y": [
            -1.221052631578948,
            -2.6368421052631583,
            -0.7894736842105262,
            -1.4947368421052631,
            -1.8105263157894744,
            -1.35263157894737,
            -0.2736842105263164,
            -1.9789473684210528,
            5.0,
            0.08947368421052532,
            -3.2,
            3.573684210526317,
            4.731578947368421,
            -1.521052631578948,
            6.4105263157894745,
            -3.3894736842105258,
            -0.30000000000000004,
            5.078947368421053,
            5.536842105263159,
            6.500000000000001,
            -0.24210526315789735,
            -3.1
        ],
        "p15_z": [
            1.789473684210526,
            -3.5368421052631582,
            -1.7789473684210524,
            -2.2578947368421054,
            -2.3473684210526318,
            0.29473684210526363,
            1.0263157894736836,
            -3.0578947368421057,
            5.5,
            3.0368421052631587,
            -3.3,
            4.842105263157893,
            3.3578947368421064,
            0.578947368421052,
            4.263157894736844,
            -4.094736842105263,
            1.1631578947368426,
            5.384210526315789,
            3.6684210526315746,
            7.136842105263159,
            0.6736842105263129,
            -3.1
        ],
        "p15_t": [
            1001.0,
            1008.0,
            915.0,
            1126.0,
            1326.0,
            956.0,
            940.0,
            964.0,
            801.0,
            907.0,
            1034.0,
            929.0,
            972.0,
            1019.0,
            686.0,
            932.0,
            896.0,
            1075.0,
            904.0,
            923.0,
            963.0,
            891.0
        ],
        "p16_x": [
            -0.9157894736842104,
            -2.3000000000000003,
            -0.3947368421052637,
            -2.5,
            -1.4157894736842112,
            -2.2052631578947373,
            -1.5421052631578962,
            -2.7263157894736834,
            -4.1000000000000005,
            -4.289473684210526,
            -2.0,
            -4.257894736842105,
            -2.8000000000000003,
            -1.3,
            -3.4473684210526305,
            -2.2157894736842105,
            -2.4157894736842107,
            -0.3736842105263165,
            -3.873684210526317,
            0.542105263157896,
            1.1526315789473687,
            -2.568421052631579
        ],
        "p16_y": [
            -1.7157894736842105,
            -3.0210526315789483,
            -1.5631578947368427,
            -0.6736842105263164,
            -2.231578947368422,
            -2.5210526315789483,
            -0.7894736842105261,
            -2.8000000000000003,
            2.9000000000000004,
            -1.3368421052631563,
            -2.6,
            2.068421052631578,
            3.4894736842105263,
            -2.1052631578947363,
            4.847368421052634,
            -2.0526315789473695,
            -0.784210526315789,
            3.215789473684209,
            3.8315789473684205,
            4.284210526315793,
            -2.1368421052631574,
            -2.378947368421053
        ],
        "p16_z": [
            0.34736842105263077,
            -3.489473684210526,
            -2.0631578947368427,
            -1.0315789473684218,
            -2.3000000000000003,
            -0.3842105263157891,
            0.542105263157896,
            -2.7368421052631584,
            5.6,
            1.531578947368422,
            -4.0,
            4.884210526315787,
            3.9947368421052634,
            0.30000000000000004,
            5.5736842105263165,
            -3.052631578947369,
            1.2105263157894741,
            3.615789473684209,
            6.389473684210526,
            6.95263157894737,
            -1.2368421052631575,
            -2.905263157894737
        ],
        "p16_t": [
            1064.0,
            1067.0,
            972.0,
            1191.0,
            1408.0,
            1018.0,
            999.0,
            1028.0,
            850.0,
            965.0,
            1100.0,
            987.0,
            1035.0,
            1079.0,
            729.0,
            986.0,
            949.0,
            1174.0,
            959.0,
            982.0,
            1026.0,
            947.0
        ],
        "p17_x": [
            0.1157894736842088,
            -1.6894736842105273,
            -1.4736842105263157,
            -1.9368421052631577,
            -1.7894736842105232,
            -1.7473684210526308,
            -0.37368421052631645,
            -2.552631578947369,
            -4.1000000000000005,
            -2.8000000000000003,
            -0.7,
            -3.515789473684211,
            -2.784210526315789,
            -0.694736842105263,
            -3.7210526315789476,
            -2.1526315789473673,
            -2.0578947368421057,
            -0.6052631578947371,
            -4.331578947368422,
            -1.2421052631578946,
            0.26842105263157806,
            -4.5894736842105255
        ],
        "p17_y": [
            -1.3210526315789495,
            -1.7210526315789494,
            -2.568421052631579,
            0.9947368421052637,
            -0.6,
            -3.0631578947368423,
            -1.5578947368421054,
            -1.6631578947368426,
            1.1,
            -1.468421052631578,
            0.30000000000000004,
            -0.16315789473684394,
            2.1421052631578945,
            -2.173684210526316,
            2.989473684210526,
            -0.46842105263157596,
            -1.3421052631578945,
            1.5368421052631576,
            0.7631578947368438,
            0.7894736842105277,
            -3.1,
            -1.352631578947367
        ],
        "p17_z": [
            0.6263157894736836,
            -2.8578947368421055,
            -2.126315789473684,
            -0.07894736842105132,
            -1.1736842105263179,
            -1.2947368421052639,
            -0.6000000000000001,
            -2.852631578947369,
            2.8000000000000003,
            1.7578947368421056,
            -0.7,
            1.668421052631578,
            3.1421052631578945,
            -0.07894736842105277,
            4.963157894736843,
            -1.615789473684209,
            0.5368421052631582,
            1.7421052631578946,
            3.4947368421052665,
            2.4052631578947388,
            -1.821052631578948,
            -1.4631578947368413
        ],
        "p17_t": [
            1138.0,
            1126.0,
            1029.0,
            1255.0,
            1490.0,
            1080.0,
            1075.0,
            1092.0,
            900.0,
            1024.0,
            1184.0,
            1044.0,
            1097.0,
            1138.0,
            772.0,
            1040.0,
            1004.0,
            1243.0,
            1015.0,
            1058.0,
            1086.0,
            1002.0
        ],
        "p18_x": [
            0.6421052631578945,
            -2.2842105263157895,
            -2.0947368421052617,
            -1.6,
            -1.463157894736844,
            -0.047368421052631504,
            0.984210526315789,
            -1.8315789473684208,
            -3.5,
            -2.131578947368422,
            -1.6,
            -3.2789473684210524,
            -2.2473684210526317,
            0.9368421052631589,
            -2.631578947368421,
            -1.8578947368421057,
            -0.7578947368421056,
            -0.8684210526315795,
            -4.121052631578947,
            -0.9000000000000001,
            -0.12631578947368424,
            -3.5894736842105255
        ],
        "p18_y": [
            -0.31578947368421106,
            0.5789473684210522,
            -1.9736842105263182,
            2.2,
            2.242105263157896,
            -2.0473684210526315,
            -1.3,
            0.2842105263157848,
            -0.5000000000000002,
            -1.7105263157894743,
            1.0,
            -2.005263157894737,
            1.0894736842105261,
            -1.8157894736842106,
            0.6105263157894718,
            1.9894736842105276,
            -1.4526315789473685,
            -0.07368421052631824,
            -1.4578947368421056,
            -1.0736842105263151,
            -2.6526315789473687,
            0.9368421052631581
        ],
        "p18_z": [
            0.7421052631578946,
            -0.8631578947368439,
            -0.9842105263157898,
            1.247368421052636,
            1.9210526315789482,
            -1.1421052631578945,
            -0.515789473684211,
            -0.8842105263157949,
            0.5,
            0.8210526315789481,
            0.5,
            0.6894736842105261,
            1.894736842105263,
            -0.9842105263157899,
            0.9736842105263129,
            0.9842105263157932,
            -0.794736842105263,
            0.4263157894736822,
            0.46315789473684177,
            0.41578947368421093,
            -0.9526315789473687,
            0.5736842105263166
        ],
        "p18_t": [
            1207.0,
            1184.0,
            1086.0,
            1321.0,
            1571.0,
            1143.0,
            1133.0,
            1156.0,
            951.0,
            1083.0,
            1251.0,
            1102.0,
            1160.0,
            1197.0,
            831.0,
            1093.0,
            1058.0,
            1329.0,
            1077.0,
            1117.0,
            1163.0,
            1057.0
        ],
        "p19_x": [
            0.942105263157896,
            -2.4,
            -3.8578947368421055,
            -1.689473684210526,
            -1.557894736842104,
            0.6789473684210506,
            0.8473684210526315,
            -2.284210526315789,
            -2.2,
            0.1,
            -1.7000000000000002,
            -2.094736842105263,
            -2.1210526315789493,
            1.0421052631578946,
            -2.673684210526317,
            -1.478947368421053,
            -0.0578947368421055,
            -1.2684210526315782,
            -3.2105263157894752,
            -0.9526315789473687,
            -2.573684210526315,
            -2.126315789473685
        ],
        "p19_y": [
            0.563157894736844,
            2.3421052631578947,
            0.6789473684210549,
            1.7789473684210522,
            2.478947368421052,
            -0.6947368421052659,
            -0.45789473684210547,
            2.131578947368422,
            -0.9000000000000001,
            -0.5,
            0.6000000000000001,
            -2.1,
            -0.35263157894736685,
            -1.2578947368421056,
            -1.4421052631578946,
            1.526315789473684,
            -1.005263157894737,
            -1.0842105263157893,
            -2.1368421052631583,
            -2.194736842105263,
            -1.2684210526315822,
            1.9
        ],
        "p19_z": [
            0.6000000000000001,
            1.9789473684210521,
            -0.284210526315789,
            2.668421052631578,
            3.668421052631579,
            -1.0052631578947344,
            -0.21052631578947406,
            1.4421052631578988,
            -0.8,
            1.0578947368421057,
            0.9000000000000001,
            0.49473684210526303,
            1.1684210526315824,
            -1.0,
            -0.3421052631578946,
            1.8052631578947365,
            -0.8,
            -1.0526315789473673,
            -0.4631578947368419,
            -0.5894736842105259,
            -0.4473684210526372,
            1.2052631578947364
        ],
        "p19_t": [
            1270.0,
            1243.0,
            1143.0,
            1386.0,
            1653.0,
            1221.0,
            1193.0,
            1221.0,
            1001.0,
            1167.0,
            1317.0,
            1159.0,
            1221.0,
            1258.0,
            892.0,
            1147.0,
            1113.0,
            1398.0,
            1145.0,
            1176.0,
            1223.0,
            1112.0
        ],
        "p20_x": [
            0.5,
            -3.6,
            -2.3000000000000003,
            -1.1,
            -0.6000000000000001,
            0.7000000000000001,
            0.1,
            -1.2,
            -1.6,
            -0.4,
            -1.5000000000000002,
            -1.5,
            -1.9,
            1.4000000000000001,
            -1.9000000000000001,
            -1.7000000000000002,
            0.5,
            -0.6,
            -2.6000000000000005,
            -0.6000000000000001,
            0.2,
            -1.6
        ],
        "p20_y": [
            0.6000000000000001,
            1.8000000000000003,
            4.0,
            0.8,
            1.0,
            -0.10000000000000003,
            0.20000000000000004,
            2.6,
            -0.5000000000000002,
            0.0,
            -0.4,
            -1.7000000000000002,
            -1.2000000000000002,
            -0.6,
            -1.4000000000000001,
            -0.29999999999999993,
            -0.10000000000000009,
            0.2999999999999998,
            -1.4000000000000004,
            -2.1,
            3.5000000000000004,
            1.1
        ],
        "p20_z": [
            1.2000000000000002,
            2.5,
            2.4,
            1.2000000000000002,
            1.3000000000000003,
            -0.7000000000000001,
            0.0,
            3.2,
            0.0,
            0.7000000000000001,
            -0.4,
            0.20000000000000004,
            0.9000000000000001,
            -0.5,
            -0.9,
            0.0,
            0.10000000000000009,
            -1.1,
            -0.7000000000000001,
            -1.0,
            2.0,
            0.7000000000000001
        ],
        "p20_t": [
            1334.0,
            1303.0,
            1200.0,
            1450.0,
            1735.0,
            1284.0,
            1251.0,
            1284.0,
            1083.0,
            1284.0,
            1384.0,
            1217.0,
            1284.0,
            1317.0,
            934.0,
            1200.0,
            1167.0,
            1468.0,
            1200.0,
            1236.0,
            1301.0,
            1167.0
        ]
    }
}