{
  "columns": [
    {"name":"label","type":"string","meaning":"Text"},
    {"name":"duration_ms","type":"int","meaning":"LongMeaning"},
    {"name":"total_path_length","type":"float","meaning":"DoubleMeaning"},
    {"name":"avg_step_length","type":"float","meaning":"DoubleMeaning"},
    {"name":"range_x","type":"float","meaning":"DoubleMeaning"},
    {"name":"range_y","type":"float","meaning":"DoubleMeaning"},
    {"name":"range_z","type":"float","meaning":"DoubleMeaning"},
    {"name":"p1_x","type":"float","meaning":"DoubleMeaning"},
    {"name":"p1_y","type":"float","meaning":"DoubleMeaning"},
    {"name":"p1_z","type":"float","meaning":"DoubleMeaning"},
    {"name":"p1_t","type":"float","meaning":"DoubleMeaning"},
    {"name":"p2_x","type":"float","meaning":"DoubleMeaning"},
    {"name":"p2_y","type":"float","meaning":"DoubleMeaning"},
    {"name":"p2_z","type":"float","meaning":"DoubleMeaning"},
    {"name":"p2_t","type":"float","meaning":"DoubleMeaning"},
    {"name":"p3_x","type":"float","meaning":"DoubleMeaning"},
    {"name":"p3_y","type":"float","meaning":"DoubleMeaning"},
    {"name":"p3_z","type":"float","meaning":"DoubleMeaning"},
    {"name":"p3_t","type":"float","meaning":"DoubleMeaning"},
    {"name":"p4_x","type":"float","meaning":"DoubleMeaning"},
    {"name":"p4_y","type":"float","meaning":"DoubleMeaning"},
    {"name":"p4_z","type":"float","meaning":"DoubleMeaning"},
    {"name":"p4_t","type":"float","meaning":"DoubleMeaning"},
    {"name":"p5_x","type":"float","meaning":"DoubleMeaning"},
    {"name":"p5_y","type":"float","meaning":"DoubleMeaning"},
    {"name":"p5_z","type":"float","meaning":"DoubleMeaning"},
    {"name":"p5_t","type":"float","meaning":"DoubleMeaning"},
    {"name":"p6_x","type":"float","meaning":"DoubleMeaning"},
    {"name":"p6_y","type":"float","meaning":"DoubleMeaning"},
    {"name":"p6_z","type":"float","meaning":"DoubleMeaning"},
    {"name":"p6_t","type":"float","meaning":"DoubleMeaning"},
    {"name":"p7_x","type":"float","meaning":"DoubleMeaning"},
    {"name":"p7_y","type":"float","meaning":"DoubleMeaning"},
    {"name":"p7_z","type":"float","meaning":"DoubleMeaning"},
    {"name":"p7_t","type":"float","meaning":"DoubleMeaning"},
    {"name":"p8_x","type":"float","meaning":"DoubleMeaning"},
    {"name":"p8_y","type":"float","meaning":"DoubleMeaning"},
    {"name":"p8_z","type":"float","meaning":"DoubleMeaning"},
    {"name":"p8_t","type":"float","meaning":"DoubleMeaning"},
    {"name":"p9_x","type":"float","meaning":"DoubleMeaning"},
    {"name":"p9_y","type":"float","meaning":"DoubleMeaning"},
    {"name":"p9_z","type":"float","meaning":"DoubleMeaning"},
    {"name":"p9_t","type":"float","meaning":"DoubleMeaning"},
    {"name":"p10_x","type":"float","meaning":"DoubleMeaning"},
    {"name":"p10_y","type":"float","meaning":"DoubleMeaning"},
    {"name":"p10_z","type":"float","meaning":"DoubleMeaning"},
    {"name":"p10_t","type":"float","meaning":"DoubleMeaning"},
    {"name":"p11_x","type":"float","meaning":"DoubleMeaning"},
    {"name":"p11_y","type":"float","meaning":"DoubleMeaning"},
    {"name":"p11_z","type":"float","meaning":"DoubleMeaning"},
    {"name":"p11_t","type":"float","meaning":"DoubleMeaning"},
    {"name":"p12_x","type":"float","meaning":"DoubleMeaning"},
    {"name":"p12_y","type":"float","meaning":"DoubleMeaning"},
    {"name":"p12_z","type":"float","meaning":"DoubleMeaning"},
    {"name":"p12_t","type":"float","meaning":"DoubleMeaning"},
    {"name":"p13_x","type":"float","meaning":"DoubleMeaning"},
    {"name":"p13_y","type":"float","meaning":"DoubleMeaning"},
    {"name":"p13_z","type":"float","meaning":"DoubleMeaning"},
    {"name":"p13_t","type":"float","meaning":"DoubleMeaning"},
    {"name":"p14_x","type":"float","meaning":"DoubleMeaning"},
    {"name":"p14_y","type":"float","meaning":"DoubleMeaning"},
    {"name":"p14_z","type":"float","meaning":"DoubleMeaning"},
    {"name":"p14_t","type":"float","meaning":"DoubleMeaning"},
    {"name":"p15_x","type":"float","meaning":"DoubleMeaning"},
    {"name":"p15_y","type":"float","meaning":"DoubleMeaning"},
    {"name":"p15_z","type":"float","meaning":"DoubleMeaning"},
    {"name":"p15_t","type":"float","meaning":"DoubleMeaning"},
    {"name":"p16_x","type":"float","meaning":"DoubleMeaning"},
    {"name":"p16_y","type":"float","meaning":"DoubleMeaning"},
    {"name":"p16_z","type":"float","meaning":"DoubleMeaning"},
    {"name":"p16_t","type":"float","meaning":"DoubleMeaning"},
    {"name":"p17_x","type":"float","meaning":"DoubleMeaning"},
    {"name":"p17_y","type":"float","meaning":"DoubleMeaning"},
    {"name":"p17_z","type":"float","meaning":"DoubleMeaning"},
    {"name":"p17_t","type":"float","meaning":"DoubleMeaning"},
    {"name":"p18_x","type":"float","meaning":"DoubleMeaning"},
    {"name":"p18_y","type":"float","meaning":"DoubleMeaning"},
    {"name":"p18_z","type":"float","meaning":"DoubleMeaning"},
    {"name":"p18_t","type":"float","meaning":"DoubleMeaning"},
    {"name":"p19_x","type":"float","meaning":"DoubleMeaning"},
    {"name":"p19_y","type":"float","meaning":"DoubleMeaning"},
    {"name":"p19_z","type":"float","meaning":"DoubleMeaning"},
    {"name":"p19_t","type":"float","meaning":"DoubleMeaning"},
    {"name":"p20_x","type":"float","meaning":"DoubleMeaning"},
    {"name":"p20_y","type":"float","meaning":"DoubleMeaning"},
    {"name":"p20_z","type":"float","meaning":"DoubleMeaning"},
    {"name":"p20_t","type":"float","meaning":"DoubleMeaning"}
  ],
  "userModified": true
}