{
    "metrics": {
        "customMetricsResults": [],
        "precision": 0.9583333333333334,
        "recall": 0.9629629629629629,
        "f1": 0.9581699346405229,
        "accuracy": 0.9545454545454546,
        "hammingLoss": 0.045454545454545456,
        "mcalibrationLoss": 0.1775446504758381,
        "mrocAUC": 1.0,
        "averagePrecision": 1.0,
        "logLoss": 0.3754121157971799
    },
    "processed_feature_names": [
        "p2_t",
        "p10_t",
        "p12_t",
        "p2_x",
        "p6_t",
        "p10_y",
        "p10_x",
        "p14_t",
        "p4_t",
        "p12_y",
        "p10_z",
        "p12_x",
        "p16_t",
        "p4_z",
        "p6_x",
        "p14_y",
        "p4_y",
        "p12_z",
        "p14_x",
        "p18_t",
        "p2_z",
        "p4_x",
        "p8_t",
        "p16_y",
        "p2_y",
        "p14_z",
        "p16_x",
        "p18_y",
        "p16_z",
        "p18_x",
        "p18_z",
        "duration_ms",
        "p9_y",
        "p7_z",
        "p9_x",
        "range_z",
        "p7_y",
        "p5_z",
        "p7_x",
        "p9_z",
        "range_x",
        "range_y",
        "p11_t",
        "p1_t",
        "p13_t",
        "p11_x",
        "p15_t",
        "p5_t",
        "p11_z",
        "p13_x",
        "p17_t",
        "avg_step_length",
        "p3_t",
        "p11_y",
        "p5_y",
        "p13_z",
        "p15_x",
        "p19_t",
        "p3_z",
        "p5_x",
        "p9_t",
        "p13_y",
        "p3_y",
        "p15_z",
        "p17_x",
        "p3_x",
        "p7_t",
        "p15_y",
        "p17_z",
        "p19_x",
        "p17_y",
        "p19_z",
        "p19_y",
        "p20_t",
        "p20_x",
        "p20_z",
        "p20_y",
        "p8_z",
        "p8_y",
        "p6_z",
        "p8_x",
        "p6_y",
        "total_path_length"
    ],
    "classes": [
        "w",
        "m",
        "o"
    ],
    "confusion": {
        "totalRows": 22,
        "perActual": {
            "w": {
                "actualClassCount": 7.0,
                "perPredicted": {
                    "w": 7,
                    "m": 0,
                    "o": 0
                }
            },
            "m": {
                "actualClassCount": 9.0,
                "perPredicted": {
                    "w": 1,
                    "m": 8,
                    "o": 0
                }
            },
            "o": {
                "actualClassCount": 6.0,
                "perPredicted": {
                    "w": 0,
                    "m": 0,
                    "o": 6
                }
            }
        }
    },
    "oneVsAllCalibrationLoss": {
        "w": 0.18563418908248278,
        "m": 0.15485561092532973,
        "o": 0.19214415141970173
    },
    "oneVsAllCalibrationCurves": {
        "w": [
            {
                "y": 0,
                "x": 0,
                "n": 0
            },
            {
                "y": 0.0,
                "x": 0.08601624365703452,
                "n": 4.0
            },
            {
                "y": 0.0,
                "x": 0.15590227895912484,
                "n": 10.0
            },
            {
                "y": 0.0,
                "x": 0.6221124275277794,
                "n": 1.0
            },
            {
                "y": 1.0,
                "x": 0.7481641620759812,
                "n": 5.0
            },
            {
                "y": 1.0,
                "x": 0.8502136107763193,
                "n": 2.0
            },
            {
                "y": 1,
                "x": 1,
                "n": 0
            }
        ],
        "m": [
            {
                "y": 0,
                "x": 0,
                "n": 0
            },
            {
                "y": 0.0,
                "x": 0.06898250603194854,
                "n": 3.0
            },
            {
                "y": 0.0,
                "x": 0.14394118698941183,
                "n": 6.0
            },
            {
                "y": 0.2,
                "x": 0.23675534147646937,
                "n": 5.0
            },
            {
                "y": 1.0,
                "x": 0.674101454529426,
                "n": 2.0
            },
            {
                "y": 1.0,
                "x": 0.736890494069403,
                "n": 5.0
            },
            {
                "y": 1.0,
                "x": 0.8148925276515422,
                "n": 1.0
            },
            {
                "y": 1,
                "x": 1,
                "n": 0
            }
        ],
        "o": [
            {
                "y": 0,
                "x": 0,
                "n": 0
            },
            {
                "y": 0.0,
                "x": 0.06515003100814988,
                "n": 3.0
            },
            {
                "y": 0.0,
                "x": 0.14491937180895212,
                "n": 13.0
            },
            {
                "y": 1.0,
                "x": 0.5827230132496615,
                "n": 1.0
            },
            {
                "y": 1.0,
                "x": 0.6392402221848256,
                "n": 4.0
            },
            {
                "y": 1.0,
                "x": 0.7125466933184247,
                "n": 1.0
            },
            {
                "y": 1,
                "x": 1,
                "n": 0
            }
        ]
    },
    "oneVsAllRocAUC": {
        "w": 1.0,
        "m": 1.0,
        "o": 1.0
    },
    "oneVsAllRocCurves": {
        "w": [
            {
                "x": 0.0,
                "y": 0.0,
                "p": 1.8779695023193144
            },
            {
                "x": 0.0,
                "y": 0.14285714285714285,
                "p": 0.8779695023193144
            },
            {
                "x": 0.0,
                "y": 1.0,
                "p": 0.7138291081700481
            },
            {
                "x": 1.0,
                "y": 1.0,
                "p": 0.07189889038465305
            }
        ],
        "m": [
            {
                "x": 0.0,
                "y": 0.0,
                "p": 1.8148925276515422
            },
            {
                "x": 0.0,
                "y": 0.1111111111111111,
                "p": 0.8148925276515422
            },
            {
                "x": 0.0,
                "y": 1.0,
                "p": 0.27692557894661884
            },
            {
                "x": 1.0,
                "y": 1.0,
                "p": 0.06667753179439209
            }
        ],
        "o": [
            {
                "x": 0.0,
                "y": 0.0,
                "p": 1.7125466933184246
            },
            {
                "x": 0.0,
                "y": 0.16666666666666666,
                "p": 0.7125466933184247
            },
            {
                "x": 0.0,
                "y": 1.0,
                "p": 0.5827230132496615
            },
            {
                "x": 1.0,
                "y": 1.0,
                "p": 0.04149641988909649
            }
        ]
    },
    "oneVsAllAveragePrecision": {
        "w": 0.9999999999999998,
        "m": 1.0000000000000002,
        "o": 1.0
    },
    "oneVsAllPrCurves": {
        "w": {
            "bins": [
                {
                    "x": 1.0,
                    "y": 0.3181818181818182,
                    "p": 0.07189889038465305
                },
                {
                    "x": 1.0,
                    "y": 0.3684210526315789,
                    "p": 0.09590134768645413
                },
                {
                    "x": 1.0,
                    "y": 0.4375,
                    "p": 0.12599540707016718
                },
                {
                    "x": 1.0,
                    "y": 0.5,
                    "p": 0.15070136207674914
                },
                {
                    "x": 1.0,
                    "y": 0.5833333333333334,
                    "p": 0.17624557404582933
                },
                {
                    "x": 1.0,
                    "y": 0.6363636363636364,
                    "p": 0.18183589112464632
                },
                {
                    "x": 1.0,
                    "y": 0.7,
                    "p": 0.18207587851279852
                },
                {
                    "x": 1.0,
                    "y": 0.7777777777777778,
                    "p": 0.18618500516697312
                },
                {
                    "x": 1.0,
                    "y": 0.875,
                    "p": 0.6221124275277794
                },
                {
                    "x": 1.0,
                    "y": 1.0,
                    "p": 0.7138291081700481
                },
                {
                    "x": 0.8571428571428571,
                    "y": 1.0,
                    "p": 0.7363890144927996
                },
                {
                    "x": 0.7142857142857143,
                    "y": 1.0,
                    "p": 0.7454892401365711
                },
                {
                    "x": 0.5714285714285714,
                    "y": 1.0,
                    "p": 0.7462576219136815
                },
                {
                    "x": 0.42857142857142855,
                    "y": 1.0,
                    "p": 0.798855825666806
                },
                {
                    "x": 0.2857142857142857,
                    "y": 1.0,
                    "p": 0.8224577192333242
                },
                {
                    "x": 0.14285714285714285,
                    "y": 1.0,
                    "p": 0.8779695023193144
                }
            ],
            "positiveRate": 0.3181818181818182
        },
        "m": {
            "bins": [
                {
                    "x": 1.0,
                    "y": 0.4090909090909091,
                    "p": 0.06667753179439209
                },
                {
                    "x": 1.0,
                    "y": 0.47368421052631576,
                    "p": 0.11274570849649704
                },
                {
                    "x": 1.0,
                    "y": 0.5294117647058824,
                    "p": 0.15760075851612806
                },
                {
                    "x": 1.0,
                    "y": 0.6,
                    "p": 0.15964775444409746
                },
                {
                    "x": 1.0,
                    "y": 0.6923076923076923,
                    "p": 0.21043036070780052
                },
                {
                    "x": 1.0,
                    "y": 0.75,
                    "p": 0.2191950852638082
                },
                {
                    "x": 1.0,
                    "y": 0.8181818181818182,
                    "p": 0.23619426975961025
                },
                {
                    "x": 1.0,
                    "y": 0.9,
                    "p": 0.24103141270450917
                },
                {
                    "x": 1.0,
                    "y": 1.0,
                    "p": 0.27692557894661884
                },
                {
                    "x": 0.8888888888888888,
                    "y": 1.0,
                    "p": 0.6691926726249428
                },
                {
                    "x": 0.7777777777777778,
                    "y": 1.0,
                    "p": 0.6790102364339093
                },
                {
                    "x": 0.6666666666666666,
                    "y": 1.0,
                    "p": 0.7116822540045393
                },
                {
                    "x": 0.5555555555555556,
                    "y": 1.0,
                    "p": 0.7167991889290392
                },
                {
                    "x": 0.4444444444444444,
                    "y": 1.0,
                    "p": 0.717712004607846
                },
                {
                    "x": 0.3333333333333333,
                    "y": 1.0,
                    "p": 0.7453485463196446
                },
                {
                    "x": 0.2222222222222222,
                    "y": 1.0,
                    "p": 0.7929104764859457
                },
                {
                    "x": 0.1111111111111111,
                    "y": 1.0,
                    "p": 0.8148925276515422
                }
            ],
            "positiveRate": 0.4090909090909091
        },
        "o": {
            "bins": [
                {
                    "x": 1.0,
                    "y": 0.2727272727272727,
                    "p": 0.04149641988909649
                },
                {
                    "x": 1.0,
                    "y": 0.3333333333333333,
                    "p": 0.1048331497367228
                },
                {
                    "x": 1.0,
                    "y": 0.4,
                    "p": 0.13519063312940127
                },
                {
                    "x": 1.0,
                    "y": 0.46153846153846156,
                    "p": 0.14004926806805296
                },
                {
                    "x": 1.0,
                    "y": 0.5454545454545454,
                    "p": 0.15875010599390119
                },
                {
                    "x": 1.0,
                    "y": 0.6,
                    "p": 0.16065077132325348
                },
                {
                    "x": 1.0,
                    "y": 0.6666666666666666,
                    "p": 0.1801059652983079
                },
                {
                    "x": 1.0,
                    "y": 0.75,
                    "p": 0.19164670045741258
                },
                {
                    "x": 1.0,
                    "y": 0.8571428571428571,
                    "p": 0.19693345371280832
                },
                {
                    "x": 1.0,
                    "y": 1.0,
                    "p": 0.5827230132496615
                },
                {
                    "x": 0.8333333333333334,
                    "y": 1.0,
                    "p": 0.610884043545024
                },
                {
                    "x": 0.6666666666666666,
                    "y": 1.0,
                    "p": 0.6259759461015983
                },
                {
                    "x": 0.5,
                    "y": 1.0,
                    "p": 0.6562142363168988
                },
                {
                    "x": 0.3333333333333333,
                    "y": 1.0,
                    "p": 0.6638866627757812
                },
                {
                    "x": 0.16666666666666666,
                    "y": 1.0,
                    "p": 0.7125466933184247
                }
            ],
            "positiveRate": 0.2727272727272727
        }
    },
    "densityData": {
        "w": {
            "actualIsThisClass": [
                1.8467099830144944e-74,
                2.2030779030211563e-72,
                2.4550902054330447e-70,
                2.5557097628637576e-68,
                2.485204510691632e-66,
                2.257456074191777e-64,
                1.9155042406678996e-62,
                1.5182861520010014e-60,
                1.124167251882554e-58,
                7.775263388559733e-57,
                5.023498569883804e-55,
                3.0318281447395356e-53,
                1.7092679716017358e-51,
                9.001672043491665e-50,
                4.4283698455742e-48,
                2.0350378765615492e-46,
                8.735933332923392e-45,
                3.5031171935520796e-43,
                1.3122269726903897e-41,
                4.591691053749152e-40,
                1.500881178458911e-38,
                4.582796368373535e-37,
                1.3071522134090344e-35,
                3.4828438891088503e-34,
                8.66872339419903e-33,
                2.0155371458775324e-31,
                4.377664195330344e-30,
                8.882020505751779e-29,
                1.6834522697798315e-27,
                2.98065654463143e-26,
                4.930011943705752e-25,
                7.617496079823382e-24,
                1.099534021265696e-22,
                1.4826611888156565e-21,
                1.867744592804966e-20,
                2.198071914623385e-19,
                2.4167007313875746e-18,
                2.482387501669502e-17,
                2.382280345491706e-16,
                2.1360215851046827e-15,
                1.7894648807944955e-14,
                1.4007597376591023e-13,
                1.024586427991445e-12,
                7.003314028833497e-12,
                4.473619043263e-11,
                2.6708578248145594e-10,
                1.4904641624691434e-09,
                7.775381969649211e-09,
                3.792371975035723e-08,
                1.729654436567375e-07,
                7.378184785167257e-07,
                2.944273658625172e-06,
                1.0994059210691158e-05,
                3.842554963289988e-05,
                0.00012575205356797994,
                0.0003854922249075178,
                0.0011074323981339412,
                0.0029829018252136344,
                0.00753742529687527,
                0.017878578668161286,
                0.03983368870811594,
                0.08342003044989715,
                0.16432121603822616,
                0.30466354865421325,
                0.5320377233416818,
                0.8756628015651222,
                1.3591473235981917,
                1.9906114401421662,
                2.7527366206111945,
                3.5968307437962324,
                4.445142785625209,
                5.203601949807538,
                5.783069414058087,
                6.122664993881985,
                6.20628199623217,
                6.065058114173465,
                5.764273365336172,
                5.380240127805708,
                4.977278068033915,
                4.594091503376149,
                4.24324350040331,
                3.9204348339068535,
                3.6161454682892122,
                3.322987913988157,
                3.0366213296371765,
                2.7528378184632145,
                2.465345245655518,
                2.167097167112444,
                1.8545635177092976,
                1.5318242579816501,
                1.2114263863992094,
                0.91114951741512,
                0.6483608544966248,
                0.4348094956346078,
                0.27405377652461144,
                0.16202720429694226,
                0.08973816683479029,
                0.0465166552984872,
                0.02255346020948525,
                0.010223723578281397
            ],
            "actualIsNotThisClass": [
                1.2786042934730149,
                1.5193496067633607,
                1.7807634871569702,
                2.0588937672750443,
                2.3485014620491453,
                2.6431634210101267,
                2.935464577160014,
                3.2172750339069665,
                3.480099665288198,
                3.7154809337499484,
                3.9154299467292346,
                4.072856951015271,
                4.181970907666692,
                4.238618712052097,
                4.240538032965407,
                4.18750345026312,
                4.081353186329711,
                3.925892685326488,
                3.726680869416713,
                3.49071424997204,
                3.2260323011665117,
                2.9412737626990495,
                2.645217128645099,
                2.3463390622473717,
                2.052421759938057,
                1.7702346670781555,
                1.5053080845812006,
                1.2618070447810164,
                1.0425044697598926,
                0.8488441345296935,
                0.6810772459346972,
                0.5384521218723393,
                0.4194347523436557,
                0.32193881101571165,
                0.24354651835449576,
                0.18170598153157222,
                0.13389551522607834,
                0.09775028147212898,
                0.07115080977972235,
                0.05227619744417799,
                0.03962688181632267,
                0.03202285238687562,
                0.02858321213464787,
                0.028692379469170345,
                0.03195725366829496,
                0.03815863976157545,
                0.047199377154616064,
                0.059051089536109096,
                0.07370132525434255,
                0.09110304633235726,
                0.11112882875980634,
                0.13353257848019884,
                0.15792184509978768,
                0.18374374220799197,
                0.21028692621423872,
                0.23670099777495032,
                0.2620331303346973,
                0.2852798659874203,
                0.3054501049564938,
                0.32163365518653897,
                0.33306860105411207,
                0.3392004294492925,
                0.33972643745398695,
                0.33462041279143734,
                0.3241347506336962,
                0.3087797486362597,
                0.2892824335912663,
                0.2665295383944119,
                0.24150084839995611,
                0.2151998685907488,
                0.18858857089764344,
                0.1625319565962771,
                0.13775652653955656,
                0.11482478212708058,
                0.09412589146285479,
                0.07588092228582582,
                0.06015976419142146,
                0.046906137872741165,
                0.03596692027651694,
                0.02712232119692067,
                0.020114094369039853,
                0.01466979814255045,
                0.010521988397762225,
                0.0074220098302477675,
                0.005148672382234711,
                0.003512521705218385,
                0.0023566375933661023,
                0.0015549506565898964,
                0.0010089983332856793,
                0.0006438939013018106,
                0.00040409939523092974,
                0.000249408996708487,
                0.0001513861193019803,
                9.036703294087741e-05,
                5.304983238810839e-05,
                3.0627252220972586e-05,
                1.7389299201146032e-05,
                9.709707586067924e-06,
                5.331878545620506e-06,
                2.8794157189676195e-06
            ],
            "actualIsThisClassMedian": 0.7462576219136815,
            "actualIsNotThisClassMedian": 0.13782978413879146
        },
        "m": {
            "actualIsThisClass": [
                0.011048259067956716,
                0.01436924395417526,
                0.018506901360631513,
                0.02360441422461087,
                0.02981346621150708,
                0.03728991951538958,
                0.0461881061967395,
                0.05665374292840761,
                0.0688155859391957,
                0.08277606642807635,
                0.09860127886903769,
                0.11631082474610457,
                0.1358681294833252,
                0.15717193665013557,
                0.18004972715747142,
                0.2042538002298696,
                0.22946067916365182,
                0.2552743651602037,
                0.2812337601288507,
                0.3068243245244154,
                0.33149374604530046,
                0.35467109214445913,
                0.37578863045587285,
                0.3943052543990218,
                0.4097302727226413,
                0.42164623318845895,
                0.429729466076957,
                0.4337671572228564,
                0.4336699866459536,
                0.429479680670573,
                0.4213711965009088,
                0.40964965536054354,
                0.39474252663642867,
                0.37718790415983977,
                0.35761997381528765,
                0.3367529233428309,
                0.3153645746307501,
                0.2942809216355802,
                0.2743625409336985,
                0.25649352569189693,
                0.24157320598678236,
                0.230510494395975,
                0.22422027515185325,
                0.22362087820856047,
                0.22963138423298768,
                0.24316732532704222,
                0.2651333038160038,
                0.29641116226675185,
                0.3378426050550765,
                0.3902055858619389,
                0.45418431437018386,
                0.5303333650033526,
                0.6190370460160566,
                0.7204658556009376,
                0.8345324550466329,
                0.9608500688789134,
                1.0986965241764006,
                1.2469872212802315,
                1.404260155990229,
                1.568675678157477,
                1.7380329844778222,
                1.9098044385535298,
                2.0811877452270764,
                2.2491748535661427,
                2.410635311099487,
                2.5624107334129826,
                2.7014161768382454,
                2.824743584153997,
                2.9297621702181202,
                3.0142106563502504,
                3.0762766497364553,
                3.1146591681182163,
                3.128611274825223,
                3.1179609380871756,
                3.083109471593379,
                3.025008156270962,
                2.9451147967206914,
                2.845332952826079,
                2.727937349620561,
                2.595489470864899,
                2.4507475717322085,
                2.2965753133460525,
                2.1358529550766083,
                1.9713945816242795,
                1.80587424143372,
                1.6417631841930271,
                1.4812796595600795,
                1.3263520228266374,
                1.1785952241242452,
                1.0393001651150973,
                0.9094349108804823,
                0.7896563564220431,
                0.6803306709681328,
                0.5815606772123852,
                0.4932182600156127,
                0.4149799296555893,
                0.34636377542225993,
                0.2867662213716723,
                0.2354972213489447,
                0.19181278844857252
            ],
            "actualIsNotThisClass": [
                0.49059382548954533,
                0.7757004928648891,
                1.1499131708764796,
                1.6015814889040372,
                2.1018608610879643,
                2.6094470697069387,
                3.0810080592924307,
                3.4837541697824426,
                3.8047920098600483,
                4.052780477535773,
                4.250789346449344,
                4.423472433712126,
                4.584518031075279,
                4.730341084124627,
                4.843020772462999,
                4.9008351125419,
                4.890624452482235,
                4.8149457889087985,
                4.689691708591686,
                4.533400326268467,
                4.354664162537412,
                4.145474882633529,
                3.8848999597314124,
                3.5513063277632315,
                3.136374292427881,
                2.653382430760178,
                2.135793740721509,
                1.6274811240688318,
                1.1697714513313278,
                0.7910548168213769,
                0.5023960583890394,
                0.2992611213549265,
                0.1670295442588289,
                0.08728625620143797,
                0.04268193219139126,
                0.019519558964210943,
                0.008345254844868344,
                0.0033342254554075287,
                0.0012445124492150145,
                0.00043384364498953845,
                0.0001412189035220899,
                4.2912819770103333e-05,
                1.2171285049938536e-05,
                3.2216002568268705e-06,
                7.956687315445155e-07,
                1.8334360549907615e-07,
                3.9411807289322576e-08,
                7.902678253364465e-09,
                1.4780022517512987e-09,
                2.5780939927917597e-10,
                4.19391084770902e-11,
                6.362294614692668e-12,
                9.000419760587497e-13,
                1.1872685472475217e-13,
                1.4603513350723747e-14,
                1.674845645243136e-15,
                1.7909758914084247e-16,
                1.785632408569287e-17,
                1.6598650923230916e-18,
                1.4385468235953886e-19,
                1.1623545967816158e-20,
                8.756093649774272e-22,
                6.149412616269621e-23,
                4.026273360689932e-24,
                2.457619584610019e-25,
                1.3985037873851546e-26,
                7.4190173535846395e-28,
                3.669098376526501e-29,
                1.6916063269351903e-30,
                7.27048194103627e-32,
                2.913051998666241e-33,
                1.0880573128745803e-34,
                3.788535159820611e-36,
                1.2297151960571173e-37,
                3.720910288440687e-39,
                1.0495501173099858e-40,
                2.7597164545547476e-42,
                6.7644284230453e-44,
                1.5456147313084018e-45,
                3.2921006117112077e-47,
                6.536494963077532e-49,
                1.2098041572759654e-50,
                2.0872857496356883e-52,
                3.3569422549887073e-54,
                5.03268142626466e-56,
                7.033105611001587e-58,
                9.161899669972924e-60,
                1.1125338170329302e-61,
                1.2592989654899596e-63,
                1.3287126940822521e-65,
                1.3068286370483376e-67,
                1.1980922656836875e-69,
                1.0238697764217418e-71,
                8.156067723141802e-74,
                6.056160813084616e-76,
                4.191730117095639e-78,
                2.704378393691311e-80,
                1.6263677410965695e-82,
                9.116877955361782e-85,
                4.763746018672738e-87
            ],
            "actualIsThisClassMedian": 0.7167991889290392,
            "actualIsNotThisClassMedian": 0.1577335090729645
        },
        "o": {
            "actualIsThisClass": [
                5.96729764020473e-78,
                2.761554180240927e-75,
                1.147957058741753e-72,
                4.286412122530297e-70,
                1.4376673629957803e-67,
                4.331308436894347e-65,
                1.1721306388564047e-62,
                2.8492406769430534e-60,
                6.22126163368485e-58,
                1.220180304867159e-55,
                2.1496401921269045e-53,
                3.401760694938628e-51,
                4.835461975056841e-49,
                6.174025548173471e-47,
                7.081008553473038e-45,
                7.294878737636157e-43,
                6.750521360421542e-41,
                5.6111626994620955e-39,
                4.189524645096519e-37,
                2.8097845968101334e-35,
                1.6926912894411633e-33,
                9.159653225025066e-32,
                4.452223548233683e-30,
                1.943890099696682e-28,
                7.623659333409251e-27,
                2.6856695180382237e-25,
                8.498442907789295e-24,
                2.4155964247339318e-22,
                6.16748820411755e-21,
                1.4144648645402393e-19,
                2.9139170042400747e-18,
                5.392189091281338e-17,
                8.963101841777166e-16,
                1.3383201752958448e-14,
                1.7950416187618124e-13,
                2.162756809057188e-12,
                2.3408170865166666e-11,
                2.2759603914583444e-10,
                1.9879892795889094e-09,
                1.5600390947782913e-08,
                1.0999077608284033e-07,
                6.968086742968568e-07,
                3.96696243185453e-06,
                2.0298283458581675e-05,
                9.337106120907099e-05,
                0.00038623117246032034,
                0.0014372853997376748,
                0.004814421876816489,
                0.014527324434864078,
                0.039529773528680034,
                0.09713594987410942,
                0.2159664978777395,
                0.43556324217546516,
                0.7995038921608553,
                1.341337736847519,
                2.067683183438468,
                2.946966312439788,
                3.9112429478133923,
                4.871801809384088,
                5.741494992900832,
                6.453452672797882,
                6.968334361905577,
                7.26860124161435,
                7.346311378201913,
                7.196729052810854,
                6.826540270286412,
                6.270633065176297,
                5.597679656047461,
                4.890130207078647,
                4.2085775302088075,
                3.5693284762216058,
                2.9548912064780306,
                2.347537029887831,
                1.7564756404448854,
                1.2180639375759248,
                0.7737917286406759,
                0.446836105332532,
                0.2334244979812507,
                0.10998970052993635,
                0.04666741466875346,
                0.017811085225025856,
                0.006111166188038589,
                0.001884362790607489,
                0.0005220643389645999,
                0.00012994259452679595,
                2.9054755968336876e-05,
                5.835844595992399e-06,
                1.052933196486222e-06,
                1.7064853988082853e-07,
                2.4843083854508588e-08,
                3.2486846606949852e-09,
                3.815992681371721e-10,
                4.026286965777157e-11,
                3.81591523324284e-12,
                3.248547858910447e-13,
                2.484140944005137e-14,
                1.7063162419539424e-15,
                1.0527835598112641e-16,
                5.8346513849439506e-18,
                2.9046042024936024e-19
            ],
            "actualIsNotThisClass": [
                0.38058565127728256,
                0.6970448454703911,
                1.1164732767052894,
                1.5791734003478064,
                2.0107427297111578,
                2.3859549966060825,
                2.7732187448568824,
                3.3039610460323163,
                4.074245544792984,
                5.05935168785536,
                6.116505489168084,
                7.062259687972979,
                7.745066840160981,
                8.068872859835855,
                7.996213816439418,
                7.560690689522375,
                6.864120231204181,
                6.028157418722726,
                5.131491622433456,
                4.196041293539505,
                3.2337519896767226,
                2.2965088017404125,
                1.4731493170614938,
                0.8408530095006016,
                0.4226796880641869,
                0.185854231119447,
                0.07116712093129456,
                0.023662624678578485,
                0.006818145243746343,
                0.0017001765882490155,
                0.0003665383207728244,
                6.82694950147464e-05,
                1.0979331090777303e-05,
                1.5239816813775078e-06,
                1.8251103329562694e-07,
                1.8853109623124706e-08,
                1.679428972381368e-09,
                1.2898577507393388e-10,
                8.539908181297954e-12,
                4.873441599519466e-13,
                2.3968330120939422e-14,
                1.01581411789452e-15,
                3.7095882379449256e-17,
                1.1671784936430724e-18,
                3.163864578497757e-20,
                7.388217492861255e-22,
                1.4862007950420978e-23,
                2.5751855259167294e-25,
                3.843367946030516e-27,
                4.940475549608778e-29,
                5.469673140152051e-31,
                5.215232419139222e-33,
                4.2824341951667953e-35,
                3.0282981289865857e-37,
                1.8441006329972326e-39,
                9.670228431508527e-42,
                4.3666047256180925e-44,
                1.6978359737488527e-46,
                5.6843743232417076e-49,
                1.6386859772545076e-51,
                4.06749092478598e-54,
                8.692955624111319e-57,
                1.5995989400659517e-59,
                2.5342577614065883e-62,
                3.456847469311023e-65,
                4.059696420313798e-68,
                4.104737331004261e-71,
                3.573144616773255e-74,
                2.6778393581778382e-77,
                1.727757451435983e-80,
                9.597128041135783e-84,
                4.589403937523566e-87,
                1.889401467537691e-90,
                6.696408236095349e-94,
                2.0431783477043354e-97,
                5.366788815523232e-101,
                1.213567676530558e-104,
                2.3623940639124865e-108,
                3.9589251427252406e-112,
                5.711323535809807e-116,
                7.092981603938255e-120,
                7.583186117195578e-124,
                6.979169600124779e-128,
                5.529468782028497e-132,
                3.7712842637284e-136,
                2.214216136053626e-140,
                1.1191142319016426e-144,
                4.8691299167744735e-149,
                1.8236848798318026e-153,
                5.8798839721260325e-158,
                1.6319518594502505e-162,
                3.899103202029442e-167,
                8.019368120310635e-172,
                1.4198187004829677e-176,
                2.16392547770673e-181,
                2.8390155213134576e-186,
                3.206333773830148e-191,
                3.117200007008395e-196,
                2.6087658598735736e-201,
                1.8794015732783995e-206
            ],
            "actualIsThisClassMedian": 0.6410950912092486,
            "actualIsNotThisClassMedian": 0.13705225909134663
        }
    },
    "globalMetrics": {
        "testWeight": 22,
        "targetAvg": [
            0.3181818181818182,
            0.4090909090909091,
            0.2727272727272727
        ],
        "targetStd": [
            0.4767312946227962,
            0.5032362797401964,
            0.4558423058385519
        ],
        "predictionAvg": [
            0.36211128289453226,
            0.3682690570214579,
            0.2696196600840098
        ],
        "predictionStd": [
            0.30386330024576996,
            0.2806789746553989,
            0.23198970483952314
        ]
    }
}