{
  "state": "DONE",
  "preSearchDescription": {
    "gridLength": 24,
    "searchStrategy": "RANDOM",
    "importantParams": [
      {
        "name": "penalty",
        "vals": [
          "l1"
        ]
      },
      {
        "name": "C",
        "min": "0.01",
        "max": "100.0"
      }
    ]
  },
  "postSearchDescription": {
    "importantParams": [
      {
        "name": "C",
        "val": "0.11171171"
      },
      {
        "name": "penalty",
        "val": "l1"
      }
    ]
  },
  "resumed": false,
  "timeOrderingEnabled": false,
  "sampleWeightsEnabled": false,
  "modelId": "m1",
  "progress": {
    "top_level_todo": [],
    "stack": [],
    "top_level_done": [
      {
        "name": "Loading train set",
        "time": 67
      },
      {
        "name": "Loading test set",
        "time": 16
      },
      {
        "name": "Collecting statistics",
        "time": 96
      },
      {
        "name": "Preprocessing train set",
        "time": 165
      },
      {
        "name": "Preprocessing test set",
        "time": 82
      },
      {
        "name": "Hyperparameter searching",
        "time": 6056
      },
      {
        "name": "Fitting model",
        "time": 6
      },
      {
        "name": "Saving model",
        "time": 25
      },
      {
        "name": "Scoring model",
        "time": 79
      },
      {
        "name": "Preparing explainability",
        "time": 1611
      }
    ]
  },
  "startTime": 1768045922747,
  "endTime": 1768045930954,
  "preprocessingTime": 429,
  "trainingTime": 7778,
  "hyperparamsSearchTime": 6056,
  "pythonVersion": "3.9.23",
  "packagesVersion": {
    "pandas": "2.2.3",
    "scikit-learn": "1.5.2",
    "scipy": "1.13.1",
    "lightgbm": "4.6.0",
    "flask": "2.2.5",
    "itsdangerous": "2.2.0",
    "jinja2": "3.1.6",
    "xgboost": "1.7.6",
    "werkzeug": "3.1.3",
    "statsmodels": "0.14.5",
    "pillow": "11.3.0",
    "markupsafe": "3.0.2",
    "cloudpickle": "1.5.0"
  }
}