{
  "params": {
    "ttPolicy": "SPLIT_SINGLE_DATASET",
    "ssdSplitMode": "RANDOM",
    "splitBeforePrepare": true,
    "ssdSelection": {
      "useMemTable": false,
      "filter": {
        "distinct": false,
        "enabled": false
      },
      "partitionSelectionMethod": "ALL",
      "latestPartitionsN": 1,
      "ordering": {
        "enabled": false,
        "rules": []
      },
      "samplingMethod": "HEAD_SEQUENTIAL",
      "maxRecords": 100000,
      "targetRatio": 0.02,
      "ascending": true,
      "withinFirstN": -1,
      "maxReadUncompressedBytes": -1,
      "seed": 1337
    },
    "ssdTrainingRatio": 0.8,
    "ssdStratified": false,
    "ssdGrouped": false,
    "ssdSeed": 1337,
    "testOnLargerValues": true,
    "streamAll": false,
    "kfold": false,
    "nFolds": 5,
    "instanceIdRefresher": 0,
    "subSamplingSeed": 1337
  },
  "generationDate": 1768045921093,
  "policyId": "type\u003dSPLIT_SINGLE_DATASET,split\u003dRANDOM,splitBeforePrepare\u003dtrue,ds\u003dsensor_data_o_w_m,sel\u003d(method\u003dhead-s,records\u003d100000),r\u003d0.8,s\u003d1337",
  "instanceId": "ae94f6afa32c21602e0eef75716b112e-0",
  "format": "csv1",
  "schema": {
    "columns": [
      {"name":"label","type":"string"},
      {"name":"duration_ms","type":"bigint"},
      {"name":"total_path_length","type":"double"},
      {"name":"avg_step_length","type":"double"},
      {"name":"range_x","type":"double"},
      {"name":"range_y","type":"double"},
      {"name":"range_z","type":"double"},
      {"name":"p1_x","type":"double"},
      {"name":"p1_y","type":"double"},
      {"name":"p1_z","type":"double"},
      {"name":"p1_t","type":"double"},
      {"name":"p2_x","type":"double"},
      {"name":"p2_y","type":"double"},
      {"name":"p2_z","type":"double"},
      {"name":"p2_t","type":"double"},
      {"name":"p3_x","type":"double"},
      {"name":"p3_y","type":"double"},
      {"name":"p3_z","type":"double"},
      {"name":"p3_t","type":"double"},
      {"name":"p4_x","type":"double"},
      {"name":"p4_y","type":"double"},
      {"name":"p4_z","type":"double"},
      {"name":"p4_t","type":"double"},
      {"name":"p5_x","type":"double"},
      {"name":"p5_y","type":"double"},
      {"name":"p5_z","type":"double"},
      {"name":"p5_t","type":"double"},
      {"name":"p6_x","type":"double"},
      {"name":"p6_y","type":"double"},
      {"name":"p6_z","type":"double"},
      {"name":"p6_t","type":"double"},
      {"name":"p7_x","type":"double"},
      {"name":"p7_y","type":"double"},
      {"name":"p7_z","type":"double"},
      {"name":"p7_t","type":"double"},
      {"name":"p8_x","type":"double"},
      {"name":"p8_y","type":"double"},
      {"name":"p8_z","type":"double"},
      {"name":"p8_t","type":"double"},
      {"name":"p9_x","type":"double"},
      {"name":"p9_y","type":"double"},
      {"name":"p9_z","type":"double"},
      {"name":"p9_t","type":"double"},
      {"name":"p10_x","type":"double"},
      {"name":"p10_y","type":"double"},
      {"name":"p10_z","type":"double"},
      {"name":"p10_t","type":"double"},
      {"name":"p11_x","type":"double"},
      {"name":"p11_y","type":"double"},
      {"name":"p11_z","type":"double"},
      {"name":"p11_t","type":"double"},
      {"name":"p12_x","type":"double"},
      {"name":"p12_y","type":"double"},
      {"name":"p12_z","type":"double"},
      {"name":"p12_t","type":"double"},
      {"name":"p13_x","type":"double"},
      {"name":"p13_y","type":"double"},
      {"name":"p13_z","type":"double"},
      {"name":"p13_t","type":"double"},
      {"name":"p14_x","type":"double"},
      {"name":"p14_y","type":"double"},
      {"name":"p14_z","type":"double"},
      {"name":"p14_t","type":"double"},
      {"name":"p15_x","type":"double"},
      {"name":"p15_y","type":"double"},
      {"name":"p15_z","type":"double"},
      {"name":"p15_t","type":"double"},
      {"name":"p16_x","type":"double"},
      {"name":"p16_y","type":"double"},
      {"name":"p16_z","type":"double"},
      {"name":"p16_t","type":"double"},
      {"name":"p17_x","type":"double"},
      {"name":"p17_y","type":"double"},
      {"name":"p17_z","type":"double"},
      {"name":"p17_t","type":"double"},
      {"name":"p18_x","type":"double"},
      {"name":"p18_y","type":"double"},
      {"name":"p18_z","type":"double"},
      {"name":"p18_t","type":"double"},
      {"name":"p19_x","type":"double"},
      {"name":"p19_y","type":"double"},
      {"name":"p19_z","type":"double"},
      {"name":"p19_t","type":"double"},
      {"name":"p20_x","type":"double"},
      {"name":"p20_y","type":"double"},
      {"name":"p20_z","type":"double"},
      {"name":"p20_t","type":"double"}
    ],
    "userModified": false
  },
  "trainPath": "train.csv.gz",
  "testPath": "test.csv.gz",
  "trainRows": 94,
  "testRows": 22,
  "fullRows": 0
}